PWSID,PWS Name,Approximate Address,Postal,Primacy Agency,EPA Region,PWS Type,Population Served Count,Cities Served,Counties Served,# of Facilities,# of Violations,# of Site Visits,Longitude,Latitude,DisplayX,DisplayY,Xmin,Xmax,Ymin,Ymax
KY0880594,MORGAN COUNTY WATER DISTRICT,"1009 Highway 172, West Liberty, Kentucky, 41472",41472,Kentucky,Region 4,Community water system,7502,,Morgan,6,5,16,-83.23199,37.929034,-83.233091,37.92991,-83.23299,-83.23099,37.928034,37.930034
KY0540406,SOUTH HOPKINS WATER DISTRICT,"42408, Dawson Spgs, Kentucky",42408,Kentucky,Region 4,Community water system,7385,,Hopkins,4,11,38,-87.691251,37.16842,-87.691251,37.16842,-87.838251,-87.544251,37.02142,37.31542
KY1200283,MIDWAY MUNICIPAL WATER WORKS,"40347, Midway, Kentucky",40347,Kentucky,Region 4,Community water system,2168,,Woodford,3,15,24,-84.682641,38.149181,-84.682641,38.149181,-84.803641,-84.561641,38.028181,38.270181
KY1020889,BRODHEAD WATER WORKS,"40409, Brodhead, Kentucky",40409,Kentucky,Region 4,Community water system,1443,,Rockcastle,3,9,26,-84.417206,37.402884,-84.417206,37.402884,-84.547206,-84.287206,37.272884,37.532884
KY0290271,CUMBERLAND CO WATER DISTRICT,"133 Lower River St, Burkesville, Kentucky, 42717",42717,Kentucky,Region 4,Community water system,7099,,Cumberland,6,84,69,-85.371163,36.788454,-85.371163,36.788454,-85.381163,-85.361163,36.778454,36.798454
KY0870290,MONTGOMERY CO WATER DISTRICT #1,"4412 Camargo Rd, Camargo, Kentucky, 40353",40353,Kentucky,Region 4,Community water system,1960,,Montgomery,3,35,35,-83.886794,37.993712,-83.886794,37.993712,-83.896794,-83.876794,37.983712,38.003712
KY0310114,EDMONSON CO WATER DISTRICT,"42210, Brownsville, Kentucky",42210,Kentucky,Region 4,Community water system,27101,,Edmonson,6,132,106,-86.258052,37.19181,-86.258052,37.19181,-86.432052,-86.084052,37.01781,37.36581
KY0090343,PARIS WATER WORKS,"525 High St, Paris, Kentucky, 40361",40361,Kentucky,Region 4,Community water system,13632,,Bourbon,4,171,265,-84.251605,38.211661,-84.252501,38.21213,-84.252605,-84.250605,38.210661,38.212661
KY0420405,SOUTH GRAVES CO WATER DISTRICT,"42066, Mayfield, Kentucky",42066,Kentucky,Region 4,Community water system,2168,,Graves,11,73,34,-88.633194,36.738162,-88.633194,36.738162,-88.829194,-88.437194,36.542162,36.934162
KY0790056,CALVERT CITY MUNICIPAL WATER DEPARTMENT,"42029, Calvert City, Kentucky",42029,Kentucky,Region 4,Community water system,4381,,Marshall,11,13,40,-88.35174,37.024777,-88.35174,37.024777,-88.48574,-88.21774,36.890777,37.158777
KY0950036,BOONEVILLE WATER AND SEWER,"41314, Sebastians Br, Kentucky",41314,Kentucky,Region 4,Community water system,5495,,Owsley,4,82,52,-83.663289,37.472527,-83.663289,37.472527,-83.873289,-83.453289,37.262527,37.682527
KY0820369,MEADE COUNTY WATER DISTRICT,"1003 Armory Pl, Brandenburg, Kentucky, 40108",40108,Kentucky,Region 4,Community water system,12539,,Meade,7,7,27,-86.168709,37.983824,-86.169051,37.983,-86.169709,-86.167709,37.982824,37.984824
KY0420027,FANCY FARM WATER DISTRICT,"42066, Mayfield, Kentucky",42066,Kentucky,Region 4,Community water system,1408,,Graves,7,64,38,-88.633194,36.738162,-88.633194,36.738162,-88.829194,-88.437194,36.542162,36.934162
KY0980120,ELKHORN CITY WATER DEPT,"41522, Elkhorn City, Kentucky",41522,Kentucky,Region 4,Community water system,1366,,Pike,5,20,78,-82.352352,37.304288,-82.352352,37.304288,-82.519352,-82.185352,37.137288,37.471288
KY0300450,WEST DAVIESS CO WATER DISTRICT,"3400 Bittel Rd, Owensboro, Kentucky, 42301",42301,Kentucky,Region 4,Community water system,13528,,Daviess,3,2,42,-87.160136,37.749134,-87.160136,37.749134,-87.170136,-87.150136,37.739134,37.759134
KY0792758,SHAWNEE BAY RESORT,"1297 Shawnee Bay Rd, Benton, Kentucky, 42025",42025,Kentucky,Region 4,Transient non-community system,80,,Marshall,4,3,13,-88.193068,36.861718,-88.193061,36.86179,-88.194068,-88.192068,36.860718,36.862718
KY0490096,CYNTHIANA MUNICIPAL WATER WORKS,"41031, Cynthiana, Kentucky",41031,Kentucky,Region 4,Community water system,7841,,Harrison,6,193,68,-84.291962,38.389771,-84.291962,38.389771,-84.487962,-84.095962,38.193771,38.585771
KY0833498,GLADIE HISTORIC SITE,"40380, Bowen, Kentucky",40380,Kentucky,Region 4,Transient non-community system,25,,Menifee,4,7,4,-83.862033,37.849378,-83.862033,37.849378,-84.093033,-83.631033,37.618378,38.080378
KY0180914,STELLA TRAILER PARK,"312 Butterworth Rd, Murray, Kentucky, 42071",42071,Kentucky,Region 4,Community water system,74,,Calloway,5,168,26,-88.405757,36.60096,-88.403021,36.60091,-88.406757,-88.404757,36.59996,36.60196
KY0450479,WURTLAND WATER DEPARTMENT,"500 Wurtland Ave, Wurtland, Kentucky, 41144",41144,Kentucky,Region 4,Community water system,1764,,Greenup,7,10,65,-82.779796,38.550463,-82.779796,38.550463,-82.789796,-82.769796,38.540463,38.560463
KY0390444,WARSAW WATER WORKS,"41095, Napoleon, Kentucky",41095,Kentucky,Region 4,Community water system,2376,,Gallatin,12,10,39,-84.898536,38.783213,-84.898536,38.783213,-85.047536,-84.749536,38.634213,38.932213
KY0450365,RACELAND WATER SYSTEM,"711 Chinn St, Raceland, Kentucky, 41169",41169,Kentucky,Region 4,Community water system,4024,,Greenup,5,19,32,-82.729625,38.541107,-82.729621,38.5411,-82.730625,-82.728625,38.540107,38.542107
KY0620237,LARUE COUNTY WATER DISTRICT #1,"42716, Buffalo, Kentucky",42716,Kentucky,Region 4,Community water system,9225,,Larue,9,3,27,-85.699142,37.509262,-85.699142,37.509262,-85.883142,-85.515142,37.325262,37.693262
KY0130949,MT CARMEL HIGH BOARDING SCHOOL,"75 Mill Creek Lawson Rd, Jackson, Kentucky, 41339",41339,Kentucky,Region 4,Community water system,100,,Breathitt,7,33,37,-83.457356,37.599952,-83.457356,37.599952,-83.467356,-83.447356,37.589952,37.609952
KY0500166,GREEN RIVER VALLEY WATER DISTRICT,"1180 E Main St, Horse Cave, Kentucky, 42749",42749,Kentucky,Region 4,Community water system,17431,,Hart,7,18,106,-85.885984,37.177762,-85.885984,37.177762,-85.895984,-85.875984,37.167762,37.187762
KY0513013,ELLIS PARK RACE COURSE,"42420, Henderson, Kentucky",42420,Kentucky,Region 4,Non-Transient non-community system,1500,,Henderson,5,77,24,-87.588355,37.834577,-87.588355,37.834577,-87.905355,-87.271355,37.517577,38.151577
KY0480277,BLACK MTN UTILITY/DAYHOIT,"609 Four Mile Rd, Baxter, Kentucky, 40806",40806,Kentucky,Region 4,Community water system,1954,,Harlan,4,17,10,-83.349143,36.865112,-83.349143,36.865112,-83.359143,-83.339143,36.855112,36.875112
KY0840180,HARRODSBURG MUNICIPAL WATER DEPARTMENT,"Shakertown Rd, Harrodsburg, Kentucky, 40330",40330,Kentucky,Region 4,Community water system,12572,,Mercer,4,120,39,-84.773533,37.807666,-84.773533,37.807666,-84.894533,-84.652533,37.686666,37.928666
KY1070144,FRANKLIN WATER WORKS,"42134, Franklin, Kentucky",42134,Kentucky,Region 4,Community water system,12548,,Simpson,4,65,130,-86.581832,36.726461,-86.581832,36.726461,-86.805832,-86.357832,36.502461,36.950461
KY0550784,MCKEE WATER WORKS,"40447, Kerby Knob, Kentucky",40447,Kentucky,Region 4,Community water system,1990,,Jackson,5,82,53,-83.979473,37.432136,-83.979473,37.432136,-84.205473,-83.753473,37.206136,37.658136
KY0130208,JACKSON MUNICIPAL WATER WORKS,"333 Broadway St, Jackson, Kentucky, 41339",41339,Kentucky,Region 4,Community water system,6950,,Breathitt,5,67,83,-83.385286,37.552605,-83.385286,37.552605,-83.395286,-83.375286,37.542605,37.562605
KY0810460,WESTERN MASON CO WATER DISTRICT,"41034, Dover, Kentucky",41034,Kentucky,Region 4,Community water system,2994,,Mason,9,29,39,-83.879853,38.756498,-83.879853,38.756498,-83.981853,-83.777853,38.654498,38.858498
KY1080425,TAYLORSVILLE WATER WORKS,"40071, Taylorsville, Kentucky",40071,Kentucky,Region 4,Community water system,17695,,Spencer,5,9,47,-85.344647,38.034637,-85.344647,38.034637,-85.526647,-85.162647,37.852637,38.216637
KY0420475,WINGO WATER & SEWER DEPARTMENT,"42088, Wingo, Kentucky",42088,Kentucky,Region 4,Community water system,965,,Graves,9,62,31,-88.738375,36.643537,-88.738375,36.643537,-88.906375,-88.570375,36.475537,36.811537
KY0570249,JESSAMINE S ELKHORN WATER DIST,"40356, Nicholasville, Kentucky",40356,Kentucky,Region 4,Community water system,7621,,Jessamine,4,13,15,-84.575187,37.874946,-84.575187,37.874946,-84.721187,-84.429187,37.728946,38.020946
KY0630238,LAUREL CO WATER DISTRICT #2,"3910 S Laurel Rd, London, Kentucky, 40744",40744,Kentucky,Region 4,Community water system,17375,,Laurel,6,21,55,-84.052296,37.05409,-84.052901,37.05409,-84.053296,-84.051296,37.05309,37.05509
KY0630255,LONDON UTILITY COMMISSION,"40743, London, Kentucky",40743,Kentucky,Region 4,Community water system,11288,,Laurel,4,11,36,-84.083812,37.127201,-84.083812,37.127201,-84.088812,-84.078812,37.122201,37.132201
KY0600198,CITY OF HINDMAN,"41822, Brinkley, Kentucky",41822,Kentucky,Region 4,Community water system,2106,,Knott,11,14,73,-82.948155,37.311088,-82.948155,37.311088,-83.029155,-82.867155,37.230088,37.392088
KY0770566,SALYERSVILLE MUNICIPAL WATER,"401 College St, Salyersville, Kentucky, 41465",41465,Kentucky,Region 4,Community water system,2925,,Magoffin,4,39,67,-83.065419,37.738838,-83.065419,37.738838,-83.075419,-83.055419,37.728838,37.748838
KY0720113,EDDYVILLE WATER DEPARTMENT,"42038, Eddyville, Kentucky",42038,Kentucky,Region 4,Community water system,3677,,Lyon,8,7,42,-88.082,37.091445,-88.082,37.091445,-88.263,-87.901,36.910445,37.272445
KY0440168,GREENSBURG WATER WORKS,"1 S Depot St, Greensburg, Kentucky, 42743",42743,Kentucky,Region 4,Community water system,2396,,Green,6,25,89,-85.499254,37.25984,-85.499254,37.25984,-85.509254,-85.489254,37.24984,37.26984
KY1130422,STURGIS WATER WORKS,"42459, Sturgis, Kentucky",42459,Kentucky,Region 4,Community water system,3677,,Union,4,105,36,-87.984629,37.547823,-87.984629,37.547823,-88.160629,-87.808629,37.371823,37.723823
KY0700532,CRITTENDEN-LIVINGSTON CO WATER DISTRICT,"620 E Main St, Salem, Kentucky, 42078",42078,Kentucky,Region 4,Community water system,9079,,Livingston,5,83,50,-88.231646,37.263045,-88.231646,37.263045,-88.241646,-88.221646,37.253045,37.273045
KY0210067,CARROLLTON UTILITIES,"41008, Carrollton, Kentucky",41008,Kentucky,Region 4,Community water system,5729,,Carroll,9,67,47,-85.176171,38.677211,-85.176171,38.677211,-85.285171,-85.067171,38.568211,38.786211
KY1110019,BARKLEY LAKE WATER DISTRICT,"42211, Golden Pond, Kentucky",42211,Kentucky,Region 4,Community water system,16038,,Trigg,5,61,42,-87.817251,36.872088,-87.817251,36.872088,-88.157251,-87.477251,36.532088,37.212088
KY0150242,LEBANON JUNCTION WATER WORKS,"40150, Lebanon Junction, Kentucky",40150,Kentucky,Region 4,Community water system,2400,,Bullitt,4,16,23,-85.728717,37.837221,-85.728717,37.837221,-85.880717,-85.576717,37.685221,37.989221
KY0082081,CAMP TURNABOUT,"68 Vivian Dr, Florence, Kentucky, 41042",41042,Kentucky,Region 4,Transient non-community system,429,,Boone,4,18,29,-84.662212,38.984317,-84.662341,38.98451,-84.663212,-84.661212,38.983317,38.985317
KY0400233,LANCASTER WATER WORKS,"743 Waterworks Rd, Lancaster, Kentucky, 40444",40444,Kentucky,Region 4,Community water system,4443,,Garrard,6,78,37,-84.596451,37.607763,-84.594991,37.60874,-84.597451,-84.595451,37.606763,37.608763
KY0470175,HARDIN COUNTY WATER DISTRICT #2,"42702, E Town, Kentucky",42702,Kentucky,Region 4,Community water system,49409,,Hardin,6,5,45,-85.83726,37.714341,-85.83726,37.714341,-85.84226,-85.83226,37.709341,37.719341
KY1112210,LBL NORTH ENTRANCE STATION,"100 Van Morgan Dr, Cadiz, Kentucky, 42211",42211,Kentucky,Region 4,Transient non-community system,25,,Trigg,4,2,19,-88.05996,36.777054,-88.05996,36.777054,-88.06996,-88.04996,36.767054,36.787054
KY0690203,HUSTONVILLE WATER WORKS,"40437, Hustonville, Kentucky",40437,Kentucky,Region 4,Community water system,5420,,Lincoln,3,11,18,-84.76955,37.408956,-84.76955,37.408956,-85.00555,-84.53355,37.172956,37.644956
KY0670466,WHITESBURG WATER WORKS,"240 River Park Dr, Whitesburg, Kentucky, 41858",41858,Kentucky,Region 4,Community water system,3861,,Letcher,4,72,81,-82.814058,37.114506,-82.814058,37.114506,-82.824058,-82.804058,37.104506,37.124506
KY0050929,GLASGOW WATER COMPANY,"1321 Narrows Rd, Glasgow, Kentucky, 42141",42141,Kentucky,Region 4,Community water system,38975,,Barren,7,55,68,-86.063339,36.901044,-86.064011,36.89947,-86.064339,-86.062339,36.900044,36.902044
KY1030375,ROWAN WATER INC,"1765 Christy Crk, Morehead, Kentucky, 40351",40351,Kentucky,Region 4,Community water system,20412,,Rowan,3,11,33,-83.382945,38.191291,-83.382945,38.191291,-83.392945,-83.372945,38.181291,38.201291
KY0410107,DRY RIDGE WATER WORKS COMMISSION,"41035, Dry Ridge, Kentucky",41035,Kentucky,Region 4,Community water system,2367,,Grant,3,10,21,-84.591455,38.717973,-84.591455,38.717973,-84.787455,-84.395455,38.521973,38.913973
KY0890106,DRAKESBORO WATER DEPARTMENT,"42337, Drakesboro, Kentucky",42337,Kentucky,Region 4,Community water system,1129,,Muhlenberg,3,14,29,-87.051572,37.21852,-87.051572,37.21852,-87.212572,-86.890572,37.05752,37.37952
KY0480125,EVARTS MUNICIPAL WATER PLANT,"40828, Dizney, Kentucky",40828,Kentucky,Region 4,Community water system,2899,,Harlan,10,77,63,-83.218956,36.846326,-83.218956,36.846326,-83.368956,-83.068956,36.696326,36.996326
KY1200310,NE WOODFORD CO WATER DISTRICT,"225 S Main St, Versailles, Kentucky, 40383",40383,Kentucky,Region 4,Community water system,2919,,Woodford,3,3,49,-84.730606,38.050905,-84.730821,38.05093,-84.731606,-84.729606,38.049905,38.051905
KY0360463,WHEELWRIGHT UTILITY COMMISSION,"41669, Wheelwright, Kentucky",41669,Kentucky,Region 4,Community water system,1040,,Floyd,4,41,79,-82.719562,37.332615,-82.719562,37.332615,-82.739562,-82.699562,37.312615,37.352615
KY0580340,PAINTSVILLE MUNICIPAL WATER WORKS,"41240, Nippa, Kentucky",41240,Kentucky,Region 4,Community water system,19587,,Johnson,4,57,90,-82.800742,37.812416,-82.800742,37.812416,-82.988742,-82.612742,37.624416,38.000416
KY0960348,PENDLETON CO WATER DISTRICT #1 / NORTH,"41040, Falmouth, Kentucky",41040,Kentucky,Region 4,Community water system,1485,,Pendleton,3,5,48,-84.332072,38.67409,-84.332072,38.67409,-84.497072,-84.167072,38.50909,38.83909
KY1170388,SEBREE WATER DEPARTMENT,"42455, Sebree, Kentucky",42455,Kentucky,Region 4,Community water system,1886,,Webster,3,9,42,-87.531155,37.607686,-87.531155,37.607686,-87.687155,-87.375155,37.451686,37.763686
KY0970184,HAZARD WATER DEPARTMENT,"41702, Hazard, Kentucky",41702,Kentucky,Region 4,Community water system,26136,,Perry,4,26,80,-83.199692,37.254701,-83.199692,37.254701,-83.204692,-83.194692,37.249701,37.259701
KY0462386,DOMTAR PAPER CORRUGATED ME,"42348, Hawesville, Kentucky",42348,Kentucky,Region 4,Non-Transient non-community system,100,,Hancock,5,31,30,-86.753935,37.898673,-86.753935,37.898673,-86.978935,-86.528935,37.673673,38.123673
KY0480603,BLACK MTN UTILITY/KENVIR,"609 Four Mile Rd, Baxter, Kentucky, 40806",40806,Kentucky,Region 4,Community water system,1396,,Harlan,4,8,3,-83.349143,36.865112,-83.349143,36.865112,-83.359143,-83.339143,36.855112,36.875112
KY1000403,SOMERSET WATER SERVICE,"42501, Alcalde, Kentucky",42501,Kentucky,Region 4,Community water system,29700,,Pulaski,4,27,74,-84.605084,37.090366,-84.605084,37.090366,-84.932084,-84.278084,36.763366,37.417366
KY0080034,BOONE CO WATER & SEWER DISTRICT,"KY-18, Burlington, Kentucky, 41005",41005,Kentucky,Region 4,Community water system,70472,,Boone,4,10,49,-84.801362,39.012044,-84.801362,39.012044,-84.863362,-84.739362,38.950044,39.074044
KY0082242,RIVER RIDGE PARK INC,"8637 Lower River Rd, Burlington, Kentucky, 41005",41005,Kentucky,Region 4,Transient non-community system,150,,Boone,4,21,33,-84.829628,38.956745,-84.829191,38.95627,-84.830628,-84.828628,38.955745,38.957745
KY0770525,MAGOFFIN COUNTY WATER DISTRICT,"41465, Mashfork, Kentucky",41465,Kentucky,Region 4,Community water system,9828,,Magoffin,4,8,60,-83.066872,37.748121,-83.066872,37.748121,-83.270872,-82.862872,37.544121,37.952121
KY0890170,GREENVILLE UTILITIES COMMISSION,"42345, Greenville, Kentucky",42345,Kentucky,Region 4,Community water system,6237,,Muhlenberg,4,17,50,-87.179542,37.2055,-87.179542,37.2055,-87.355542,-87.003542,37.0295,37.3815
KY0890304,MUHLENBERG CO WATER DISTRICT #3,"42325, Bremen, Kentucky",42325,Kentucky,Region 4,Community water system,6293,,Muhlenberg,3,3,34,-87.218223,37.366449,-87.218223,37.366449,-87.380223,-87.056223,37.204449,37.528449
KY0300387,S E DAVIESS CO WATER DISTRICT,"3400 Bittel Rd, Owensboro, Kentucky, 42301",42301,Kentucky,Region 4,Community water system,18399,,Daviess,4,1,41,-87.160136,37.749134,-87.160136,37.749134,-87.170136,-87.150136,37.739134,37.759134
KY0820041,BRANDENBURG WATER WORKS,"40108, Brandenburg, Kentucky",40108,Kentucky,Region 4,Community water system,3828,,Meade,9,28,58,-86.171421,37.99771,-86.171421,37.99771,-86.333421,-86.009421,37.83571,38.15971
KY0320383,SANDY HOOK WATER DISTRICT,"41171, Newfoundland, Kentucky",41171,Kentucky,Region 4,Community water system,3528,,Elliott,17,4,52,-83.123861,38.0923,-83.123861,38.0923,-83.351861,-82.895861,37.8643,38.3203
KY0410047,BULLOCK PEN WATER DISTRICT,"41030, Crittenden, Kentucky",41030,Kentucky,Region 4,Community water system,19715,,Grant,8,26,64,-84.602354,38.78563,-84.602354,38.78563,-84.709354,-84.495354,38.67863,38.89263
KY0170360,PRINCETON WATER & SEWER COMMISSION,"101 E Market St, Princeton, Kentucky, 42445",42445,Kentucky,Region 4,Community water system,10288,,Caldwell,4,45,35,-87.881675,37.109313,-87.881675,37.109313,-87.891675,-87.871675,37.099313,37.119313
KY0710012,CITY OF AUBURN,"42206, South Union, Kentucky",42206,Kentucky,Region 4,Community water system,2017,,Logan,6,21,87,-86.712063,36.862695,-86.712063,36.862695,-86.860063,-86.564063,36.714695,37.010695
KY0670462,LETCHER COUNTY WATER DISTRICT,"6 Broadway St, Whitesburg, Kentucky, 41858",41858,Kentucky,Region 4,Community water system,2673,,Letcher,6,43,20,-82.827059,37.117792,-82.827059,37.117792,-82.837059,-82.817059,37.107792,37.127792
KY0971007,VILLAGE OF BUCKHORN,"41721, Buckhorn, Kentucky",41721,Kentucky,Region 4,Community water system,517,,Perry,4,63,5,-83.476344,37.346053,-83.476344,37.346053,-83.586344,-83.366344,37.236053,37.456053
KY1190061,CAMPTON WATER SYSTEM,"41301, Burkhart, Kentucky",41301,Kentucky,Region 4,Community water system,6600,,Wolfe,10,60,120,-83.545625,37.730789,-83.545625,37.730789,-83.848625,-83.242625,37.427789,38.033789
KY0880452,WEST LIBERTY WATER COMPANY,"565 Main St, West Liberty, Kentucky, 41472",41472,Kentucky,Region 4,Community water system,2367,,Morgan,6,12,79,-83.260051,37.921229,-83.260051,37.921229,-83.270051,-83.250051,37.911229,37.931229
KY1130434,UNIONTOWN WATER & SEWER DEPT,"42461, Uniontown, Kentucky",42461,Kentucky,Region 4,Community water system,1764,,Union,6,12,41,-87.933811,37.768762,-87.933811,37.768762,-88.066811,-87.800811,37.635762,37.901762
KY0840587,LAKE VILLAGE WATER ASSOCIATION,"40310, Burgin, Kentucky",40310,Kentucky,Region 4,Community water system,5872,,Mercer,4,19,15,-84.770079,37.753573,-84.770079,37.753573,-84.781079,-84.759079,37.742573,37.764573
KY0690089,CRAB ORCHARD WATER DISTRICT,"40419, Crab Orchard, Kentucky",40419,Kentucky,Region 4,Community water system,1719,,Lincoln,3,9,23,-84.507261,37.462743,-84.507261,37.462743,-84.653261,-84.361261,37.316743,37.608743
KY0370128,FARMDALE WATER DISTRICT,"100 Highwood Dr, Frankfort, Kentucky, 40601",40601,Kentucky,Region 4,Community water system,8203,,Franklin,3,31,38,-84.925979,38.140578,-84.925951,38.1408,-84.926979,-84.924979,38.139578,38.141578
KY0220555,RATTLESNAKE RIDGE WATER DISTRICT,"41143, Johns Run, Kentucky",41143,Kentucky,Region 4,Community water system,11892,,Carter,5,13,28,-82.946459,38.331491,-82.946459,38.331491,-83.189459,-82.703459,38.088491,38.574491
KY1112212,LBL CRAVENS BAY,"100 Van Morgan Dr, Cadiz, Kentucky, 42211",42211,Kentucky,Region 4,Transient non-community system,25,,Trigg,4,1,18,-88.05996,36.777054,-88.05996,36.777054,-88.06996,-88.04996,36.767054,36.787054
KY0462387,DOMTAR PAPER BLEACHED PULP,"42348, Hawesville, Kentucky",42348,Kentucky,Region 4,Non-Transient non-community system,450,,Hancock,5,36,30,-86.753935,37.898673,-86.753935,37.898673,-86.978935,-86.528935,37.673673,38.123673
KY1170073,CLAY WATER WORKS,"42404, Blackford, Kentucky",42404,Kentucky,Region 4,Community water system,1916,,Webster,3,8,25,-87.820295,37.476679,-87.820295,37.476679,-87.944295,-87.696295,37.352679,37.600679
KY1000124,EUBANK WATER SYSTEM,"42567, Eubank, Kentucky",42567,Kentucky,Region 4,Community water system,11907,,Pulaski,3,11,17,-84.656672,37.276171,-84.656672,37.276171,-84.847672,-84.465672,37.085171,37.467171
KY1040210,JAMESTOWN MUNICIPAL WATER WORKS,"42629, Bryan, Kentucky",42629,Kentucky,Region 4,Community water system,10858,,Russell,4,90,58,-85.061837,36.98426,-85.061837,36.98426,-85.274837,-84.848837,36.77126,37.19726
KY1101005,LOGAN-TODD REGIONAL WATER COMMISSION,"42234, Tiny Town, Kentucky",42234,Kentucky,Region 4,Community water system,25,,Todd,5,2,11,-87.171428,36.645274,-87.171428,36.645274,-87.322428,-87.020428,36.494274,36.796274
KY0990281,BEECH FORK WATER COMMISSION,"1900 Pompeii Rd, Clay City, Kentucky, 40312",40312,Kentucky,Region 4,Community water system,25,,Powell,7,9,34,-83.879753,37.861869,-83.879753,37.861869,-83.889753,-83.869753,37.851869,37.871869
KY0070353,PINEVILLE WATER SYSTEM,"151 S Pine St, Pineville, Kentucky, 40977",40977,Kentucky,Region 4,Community water system,16573,,Bell,7,116,60,-83.696217,36.759731,-83.696217,36.759731,-83.706217,-83.686217,36.749731,36.769731
KY1030480,MOREHEAD STATE UNIVERSITY,"40351, Lakeview Hgts, Kentucky",40351,Kentucky,Region 4,Community water system,6500,,Rowan,6,91,62,-83.43815,38.17799,-83.43815,38.17799,-83.68015,-83.19615,37.93599,38.41999
KY0800273,MARTIN CO WATER DISTRICT #1,"287 E Main St, Inez, Kentucky, 41224",41224,Kentucky,Region 4,Community water system,10395,,Martin,8,54,82,-82.534305,37.867446,-82.534305,37.867446,-82.544305,-82.524305,37.857446,37.877446
KY0080442,WALTON WATERWORKS DEPARTMENT,"41094, Walton, Kentucky",41094,Kentucky,Region 4,Community water system,3950,,Boone,3,6,26,-84.6339,38.906335,-84.6339,38.906335,-84.7499,-84.5179,38.790335,39.022335
KY0180549,CENTER RIDGE WATER SYSTEM,"1650 Des Peres Rd, Saint Louis, Missouri, 63131",63131,Kentucky,Region 4,Community water system,196,,Calloway,5,93,21,-90.451756,38.607156,-90.452131,38.60713,-90.452756,-90.450756,38.606156,38.608156
KY0400151,GARRARD CO WATER ASSOC INC,"40444, Lancaster, Kentucky",40444,Kentucky,Region 4,Community water system,16074,,Garrard,5,5,19,-84.576372,37.61771,-84.576372,37.61771,-84.788372,-84.364372,37.40571,37.82971
KY0520192,HENRY COUNTY WATER DISTRICT #2,"8955 Main St, Campbellsburg, Kentucky, 40011",40011,Kentucky,Region 4,Community water system,17716,,Henry,18,71,189,-85.214561,38.52482,-85.214561,38.52482,-85.224561,-85.204561,38.51482,38.53482
KY0660204,HYDEN LESLIE CO WATER DISTRICT,"41749, Confluence, Kentucky",41749,Kentucky,Region 4,Community water system,9587,,Leslie,7,63,42,-83.377794,37.162252,-83.377794,37.162252,-83.550794,-83.204794,36.989252,37.335252
KY0182842,KENTUCKY BEACH RESORT,"270 Lynnhurst Dr, Murray, Kentucky, 42071",42071,Kentucky,Region 4,Transient non-community system,85,,Calloway,4,32,12,-88.088604,36.647587,-88.088391,36.64859,-88.089604,-88.087604,36.646587,36.648587
KY1000362,SCIENCE HILL WATER WORKS,"42553, Science Hill, Kentucky",42553,Kentucky,Region 4,Community water system,5310,,Pulaski,3,16,16,-84.638519,37.175175,-84.638519,37.175175,-84.860519,-84.416519,36.953175,37.397175
KY0420423,SYMSONIA WATER DISTRICT,"42082, Symsonia, Kentucky",42082,Kentucky,Region 4,Community water system,852,,Graves,5,96,42,-88.522262,36.91808,-88.522262,36.91808,-88.592262,-88.452262,36.84808,36.98808
KY0900017,BARDSTOWN MUNICIPAL WATER DEPT,"220 N 5th St, Bardstown, Kentucky, 40004",40004,Kentucky,Region 4,Community water system,31185,,Nelson,6,72,94,-85.469637,37.811807,-85.469637,37.811807,-85.479637,-85.459637,37.801807,37.821807
KY0910314,NICHOLAS CO WATER DISTRICT,"1639 Old Paris Rd, Carlisle, Kentucky, 40311",40311,Kentucky,Region 4,Community water system,4493,,Nicholas,6,24,27,-84.057546,38.336088,-84.057546,38.336088,-84.067546,-84.047546,38.326088,38.346088
KY0540465,WHITE PLAINS WATER SYSTEM,"42464, White Plains, Kentucky",42464,Kentucky,Region 4,Community water system,1871,,Hopkins,7,55,66,-87.385628,37.184646,-87.385628,37.184646,-87.528628,-87.242628,37.041646,37.327646
KY0182841,CYPRESS SPRINGS RESORT,"2740 Cypress Trl, New Concord, Kentucky, 42076",42076,Kentucky,Region 4,Transient non-community system,200,,Calloway,8,13,17,-88.088409,36.498189,-88.087881,36.49828,-88.089409,-88.087409,36.497189,36.499189
KY0160294,MORGANTOWN WATER SYSTEM,"42261, Provo, Kentucky",42261,Kentucky,Region 4,Community water system,2628,,Butler,4,42,74,-86.6871,37.228248,-86.6871,37.228248,-86.9161,-86.4581,36.999248,37.457248
KY0070282,WATER SERVICE CORPORATION OF KENTUCKY,"40965, Middlesboro, Kentucky",40965,Kentucky,Region 4,Community water system,17419,,Bell,4,6,58,-83.719862,36.607706,-83.719862,36.607706,-83.979862,-83.459862,36.347706,36.867706
KY0420274,MAYFIELD ELECTRIC & WATER,"42066, Mayfield, Kentucky",42066,Kentucky,Region 4,Community water system,10349,,Graves,9,63,37,-88.633194,36.738162,-88.633194,36.738162,-88.829194,-88.437194,36.542162,36.934162
KY0183007,CYPRESS COVE RV PARK LLC,"255 Lakeview Cabins Dr, New Concord, Kentucky, 42076",42076,Kentucky,Region 4,Transient non-community system,294,,Calloway,4,5,12,-88.080228,36.502188,-88.080171,36.50219,-88.081228,-88.079228,36.501188,36.503188
KY1010297,MT OLIVET WATER DEPARTMENT,"41064, Mt Olivet, Kentucky",41064,Kentucky,Region 4,Community water system,808,,Robertson,5,17,29,-84.048322,38.491074,-84.048322,38.491074,-84.184322,-83.912322,38.355074,38.627074
KY0183334,MSU HANCOCK BIO STATION,"561 Emma Dr, Murray, Kentucky, 42071",42071,Kentucky,Region 4,Transient non-community system,30,,Calloway,4,8,8,-88.116511,36.734368,-88.116511,36.734368,-88.126511,-88.106511,36.724368,36.744368
KY0470440,VINE GROVE WATER DEPARTMENT,"40160, Radcliff, Kentucky",40160,Kentucky,Region 4,Community water system,5827,,Hardin,6,9,32,-85.93111,37.819438,-85.93111,37.819438,-85.98811,-85.87411,37.762438,37.876438
KY0750907,SACRAMENTO WATER WORKS,"210 W 3rd St, Sacramento, Kentucky, 42372",42372,Kentucky,Region 4,Community water system,2239,,McLean,3,13,31,-87.266936,37.415978,-87.266936,37.415978,-87.276936,-87.256936,37.405978,37.425978
KY0831010,CAVE RUN REGIONAL WT COMM,"40387, Wellington, Kentucky",40387,Kentucky,Region 4,Community water system,25,,Menifee,4,6,5,-83.440916,38.011039,-83.440916,38.011039,-83.631916,-83.249916,37.820039,38.202039
KY0082894,POTTERS RANCH,"5194 Beaver Rd, Union, Kentucky, 41091",41091,Kentucky,Region 4,Transient non-community system,100,,Boone,5,53,3,-84.806645,38.904358,-84.805021,38.9082,-84.807645,-84.805645,38.903358,38.905358
KY0200009,ARLINGTON WATER DEPARTMENT,"42021, Arlington, Kentucky",42021,Kentucky,Region 4,Community water system,639,,Carlisle,7,71,39,-89.012131,36.789474,-89.012131,36.789474,-89.179131,-88.845131,36.622474,36.956474
KY0180502,CENTER RIDGE WATER DISTRICT #3,"1650 Des Peres Rd, Saint Louis, Missouri, 63131",63131,Kentucky,Region 4,Community water system,119,,Calloway,7,70,29,-90.451756,38.607156,-90.452131,38.60713,-90.452756,-90.450756,38.606156,38.608156
KY0183106,CENTER RIDGE WATER DISTRICT #4,"1650 Des Peres Rd, Saint Louis, Missouri, 63131",63131,Kentucky,Region 4,Transient non-community system,115,,Calloway,4,4,19,-90.451756,38.607156,-90.452131,38.60713,-90.452756,-90.450756,38.606156,38.608156
KY0570010,WILMORE WATER WORKS,"335 E Main St, Wilmore, Kentucky, 40390",40390,Kentucky,Region 4,Community water system,5652,,Jessamine,4,137,27,-84.659063,37.858234,-84.658921,37.85834,-84.660063,-84.658063,37.857234,37.859234
KY0140966,CITY OF HARDINSBURG RO WTP,"40143, Mooleyville, Kentucky",40143,Kentucky,Region 4,Community water system,13312,,Breckinridge,8,83,66,-86.461722,37.780499,-86.461722,37.780499,-86.719722,-86.203722,37.522499,38.038499
KY0760224,MADISON CO UTILITIES DISTRICT,"40476, Richmond, Kentucky",40476,Kentucky,Region 4,Community water system,25120,,Madison,3,32,19,-84.293202,37.747531,-84.293202,37.747531,-84.298202,-84.288202,37.742531,37.752531
KY0080135,CITY OF FLORENCE,"8100 Ewing Blvd, Florence, Kentucky, 41042",41042,Kentucky,Region 4,Community water system,29351,,Boone,4,10,40,-84.641917,38.999447,-84.641091,38.99768,-84.642917,-84.640917,38.998447,39.000447
KY0790216,JONATHAN CREEK WATER DISTRICT,"42025, Benton, Kentucky",42025,Kentucky,Region 4,Community water system,5925,,Marshall,9,51,52,-88.344113,36.927623,-88.344113,36.927623,-88.557113,-88.131113,36.714623,37.140623
KY1180471,WILLIAMSBURG WATER DEPARTMENT,"40769, Cumberlnd Clg, Kentucky",40769,Kentucky,Region 4,Community water system,5474,,Whitley,4,21,58,-84.168208,36.736414,-84.168208,36.736414,-84.395208,-83.941208,36.509414,36.963414
KY1193703,RED RIVER ROCKHOUSE,"28 Edgewood Dr, Winchester, Kentucky, 40391",40391,Kentucky,Region 4,Transient non-community system,100,,Wolfe,4,1,1,-84.198593,37.986459,-84.198931,37.98639,-84.199593,-84.197593,37.985459,37.987459
KY0200095,CUNNINGHAM WATER DISTRICT,"626 Elmos Rd, Sedalia, Kentucky, 42079",42079,Kentucky,Region 4,Community water system,392,,Carlisle,7,108,30,-88.64553,36.568738,-88.645351,36.5703,-88.64653,-88.64453,36.567738,36.569738
KY0360358,PRESTONSBURG CITY UTILITIES,"2560 S Lake Dr, Prestonsburg, Kentucky, 41653",41653,Kentucky,Region 4,Community water system,20368,,Floyd,4,36,89,-82.743398,37.670039,-82.743398,37.670039,-82.753398,-82.733398,37.660039,37.680039
KY0410662,CORINTH WATER DISTRICT,"215 Thomas Ln, Corinth, Kentucky, 41010",41010,Kentucky,Region 4,Community water system,3139,,Grant,3,9,40,-84.565141,38.497267,-84.565011,38.49741,-84.566141,-84.564141,38.496267,38.498267
KY0420194,HICKORY WATER DISTRICT,"42066, Mayfield, Kentucky",42066,Kentucky,Region 4,Community water system,3769,,Graves,9,89,39,-88.633194,36.738162,-88.633194,36.738162,-88.829194,-88.437194,36.542162,36.934162
KY0780241,LEBANON WATER WORKS CO INC,"120 S Proctor Knott Ave, Lebanon, Kentucky, 40033",40033,Kentucky,Region 4,Community water system,7470,,Marion,6,22,60,-85.254258,37.569018,-85.254258,37.569018,-85.264258,-85.244258,37.559018,37.579018
KY0720552,KENTUCKY STATE PENITENTIARY,"266 Water St, Eddyville, Kentucky, 42038",42038,Kentucky,Region 4,Community water system,1000,,Lyon,4,23,43,-88.074661,37.046291,-88.074661,37.046291,-88.084661,-88.064661,37.036291,37.056291
KY1060436,US 60 WATER DISTRICT,"40003, Bagdad, Kentucky",40003,Kentucky,Region 4,Community water system,8910,,Shelby,3,3,12,-85.061319,38.263392,-85.061319,38.263392,-85.165319,-84.957319,38.159392,38.367392
KY0082592,KELLEY ELEMENTARY SCHOOL,"8270 US-42, Florence, Kentucky, 41042",41042,Kentucky,Region 4,Non-Transient non-community system,355,,Boone,5,65,31,-84.652486,38.980968,-84.652486,38.980968,-84.662486,-84.642486,38.970968,38.990968
KY0020956,ALLEN COUNTY WATER DISTRICT,"42164, Halfway, Kentucky",42164,Kentucky,Region 4,Community water system,14999,,Allen,4,3,64,-86.184954,36.752691,-86.184954,36.752691,-86.408954,-85.960954,36.528691,36.976691
KY0110345,PARKSVILLE WATER DISTRICT,"40464, Parksville, Kentucky",40464,Kentucky,Region 4,Community water system,4589,,Boyle,3,0,47,-84.904392,37.577802,-84.904392,37.577802,-84.983392,-84.825392,37.498802,37.656802
KY1100428,TRENTON WATER WORKS,"42286, Trenton, Kentucky",42286,Kentucky,Region 4,Community water system,900,,Todd,8,60,68,-87.258869,36.722841,-87.258869,36.722841,-87.377869,-87.139869,36.603841,36.841841
KY0700380,SALEM MUNICIPAL WATER SYSTEM,"42078, Salem, Kentucky",42078,Kentucky,Region 4,Community water system,1241,,Livingston,3,2,21,-88.238449,37.263632,-88.238449,37.263632,-88.375449,-88.101449,37.126632,37.400632
KY0040223,KEVIL WATER DEPARTMENT,"42053, Kevil, Kentucky",42053,Kentucky,Region 4,Community water system,1215,,Ballard,7,82,35,-88.841816,37.088747,-88.841816,37.088747,-89.006816,-88.676816,36.923747,37.253747
KY0183132,MISSING HILL RESORT,"234 Dockway Ln, New Concord, Kentucky, 42076",42076,Kentucky,Region 4,Transient non-community system,175,,Calloway,4,4,16,-88.074613,36.503416,-88.073811,36.50316,-88.075613,-88.073613,36.502416,36.504416
KY0260737,MANCHESTER WATER WORKS,"239 Memorial Dr, Manchester, Kentucky, 40962",40962,Kentucky,Region 4,Community water system,12386,,Clay,11,65,59,-83.763296,37.159027,-83.763296,37.159027,-83.773296,-83.753296,37.149027,37.169027
KY0870147,JUDY WATER ASSOCIATION,"40353, Mount Sterling, Kentucky",40353,Kentucky,Region 4,Community water system,5376,,Montgomery,4,37,10,-83.940882,38.057631,-83.940882,38.057631,-84.108882,-83.772882,37.889631,38.225631
KY0483135,PINE MT SETTLEMENT SCHOOL,"KY-510, Bledsoe, Kentucky, 40810",40810,Kentucky,Region 4,Non-Transient non-community system,45,,Harlan,4,100,18,-83.169045,36.956111,-83.169045,36.956111,-83.186045,-83.152045,36.939111,36.973111
KY0540269,MORTONS GAP WATER DEPARTMENT,"102 S Main St, Mortons Gap, Kentucky, 42440",42440,Kentucky,Region 4,Community water system,1663,,Hopkins,3,3,54,-87.47384,37.237066,-87.47384,37.237066,-87.48384,-87.46384,37.227066,37.247066
KY0920025,BEAVER DAM MUNICIPAL WATER & SEWER,"42320, Beaver Dam, Kentucky",42320,Kentucky,Region 4,Community water system,3033,,Ohio,10,32,56,-86.878383,37.408319,-86.878383,37.408319,-87.074383,-86.682383,37.212319,37.604319
KY0900323,NORTH NELSON WATER DISTRICT,"Ohio Ct, Coxs Creek, Kentucky, 40013",40013,Kentucky,Region 4,Community water system,12349,,Nelson,4,9,23,-85.541914,37.894098,-85.541914,37.894098,-85.543914,-85.539914,37.892098,37.896098
KY0072713,CUMBERLAND GAP NHP/HENSLEY,"40965, Middlesboro, Kentucky",40965,Kentucky,Region 4,Transient non-community system,25,,Bell,4,5,20,-83.719862,36.607706,-83.719862,36.607706,-83.979862,-83.459862,36.347706,36.867706
KY0790319,NORTH MARSHALL WATER DISTRICT #1,"96 Carroll Rd, Benton, Kentucky, 42025",42025,Kentucky,Region 4,Community water system,15370,,Marshall,18,52,68,-88.344238,36.927652,-88.344238,36.927652,-88.354238,-88.334238,36.917652,36.937652
KY0310940,MAMMOTH CAVE/CENTRAL SYSTEM,"42127, Cave City, Kentucky",42127,Kentucky,Region 4,Community water system,5000,,Edmonson,4,10,43,-85.961968,37.126824,-85.961968,37.126824,-86.151968,-85.771968,36.936824,37.316824
KY0120013,AUGUSTA REGIONAL WTP,"41002, Augusta, Kentucky",41002,Kentucky,Region 4,Community water system,1622,,Bracken,12,14,81,-84.005042,38.773898,-84.005042,38.773898,-84.117042,-83.893042,38.661898,38.885898
KY0870212,JEFFERSONVILLE WATER SYSTEM,"40337, Jeffersonvlle, Kentucky",40337,Kentucky,Region 4,Community water system,5346,,Montgomery,5,17,36,-83.852482,37.97816,-83.852482,37.97816,-83.976482,-83.728482,37.85416,38.10216
KY0540958,DAWSON SPRINGS WATER & SEWER,"42408, Dawson Spgs, Kentucky",42408,Kentucky,Region 4,Community water system,3505,,Hopkins,4,49,83,-87.691251,37.16842,-87.691251,37.16842,-87.838251,-87.544251,37.02142,37.31542
KY0930333,OLDHAM COUNTY WATER DISTRICT,"40010, Buckner, Kentucky",40010,Kentucky,Region 4,Community water system,22819,,Oldham,29,7,19,-85.455391,38.36845,-85.455391,38.36845,-85.482391,-85.428391,38.34145,38.39545
KY0480178,HARLAN MUNICIPAL WATER WORKS,"40831, Harlan, Kentucky",40831,Kentucky,Region 4,Community water system,6534,,Harlan,4,52,54,-83.317881,36.845541,-83.317881,36.845541,-83.498881,-83.136881,36.664541,37.026541
KY0470455,CITY OF WEST POINT,"350 E New St, Radcliff, Kentucky, 40160",40160,Kentucky,Region 4,Community water system,1337,,Hardin,7,23,38,-85.935421,37.847857,-85.935381,37.8479,-85.936421,-85.934421,37.846857,37.848857
KY0350134,FLEMINGSBURG UTILITY SYSTEM,"41041, Flemingsburg, Kentucky",41041,Kentucky,Region 4,Community water system,4604,,Fleming,7,33,52,-83.728245,38.424138,-83.728245,38.424138,-83.873245,-83.583245,38.279138,38.569138
KY0670213,JENKINS WATER SYSTEM,"41537, Jenkins, Kentucky",41537,Kentucky,Region 4,Community water system,2881,,Letcher,7,43,73,-82.638763,37.169439,-82.638763,37.169439,-82.777763,-82.499763,37.030439,37.308439
KY0480498,BLACK MTN UTILITY/LOUELLEN,"609 Four Mile Rd, Baxter, Kentucky, 40806",40806,Kentucky,Region 4,Community water system,520,,Harlan,6,87,29,-83.349143,36.865112,-83.349143,36.865112,-83.359143,-83.339143,36.855112,36.875112
KY0420534,SEDALIA WATER DISTRICT,"42066, Mayfield, Kentucky",42066,Kentucky,Region 4,Community water system,446,,Graves,5,104,27,-88.633194,36.738162,-88.633194,36.738162,-88.829194,-88.437194,36.542162,36.934162
KY0740276,MCCREARY COUNTY WATER DISTRICT,"42653, Whitley City, Kentucky",42653,Kentucky,Region 4,Community water system,18224,,McCreary,7,19,66,-84.471032,36.724241,-84.471032,36.724241,-84.629032,-84.313032,36.566241,36.882241
KY0230556,EAST CASEY CO WATER DISTRICT,"42539, Clementsville, Kentucky",42539,Kentucky,Region 4,Community water system,12460,,Casey,7,22,28,-84.933919,37.321121,-84.933919,37.321121,-85.165919,-84.701919,37.089121,37.553121
KY0080928,ARLINGHAUS PROPERTY,"4550 Elderberry Ct, Burlington, Kentucky, 41005",41005,Kentucky,Region 4,Community water system,49,,Boone,5,75,29,-84.739866,39.019626,-84.739866,39.019626,-84.749866,-84.729866,39.009626,39.029626
KY0760030,BEREA MUNICIPAL UTILITIES,"200 Harrison Rd, Berea, Kentucky, 40403",40403,Kentucky,Region 4,Community water system,11969,,Madison,8,56,22,-84.277937,37.574849,-84.277937,37.574849,-84.287937,-84.267937,37.564849,37.584849
KY0330205,IRVINE MUNICIPAL UTILITIES,"238 Broadway St, Irvine, Kentucky, 40336",40336,Kentucky,Region 4,Community water system,6386,,Estill,4,23,53,-83.967831,37.69771,-83.967831,37.69771,-83.977831,-83.957831,37.68771,37.70771
KY0250473,WINCHESTER MUNICIPAL UTILITIES,"40392, Winchester, Kentucky",40392,Kentucky,Region 4,Community water system,30707,,Clark,6,66,53,-84.176371,37.995911,-84.176371,37.995911,-84.181371,-84.171371,37.990911,38.000911
KY0760672,KIRKSVILLE WATER ASSOCIATION,"40476, Richmond, Kentucky",40476,Kentucky,Region 4,Community water system,5940,,Madison,3,7,20,-84.293202,37.747531,-84.293202,37.747531,-84.298202,-84.288202,37.742531,37.752531
KY0480572,BLACK MTN UTILITY/WALLINS,"609 Four Mile Rd, Baxter, Kentucky, 40806",40806,Kentucky,Region 4,Community water system,1485,,Harlan,9,57,28,-83.349143,36.865112,-83.349143,36.865112,-83.359143,-83.339143,36.855112,36.875112
KY0990357,POWELL VALLEY WATER DISTRICT,"40312, Clay City, Kentucky",40312,Kentucky,Region 4,Community water system,6914,,Powell,5,9,34,-83.917399,37.8578,-83.917399,37.8578,-84.027399,-83.807399,37.7478,37.9678
KY0730454,WEST MCCRACKEN CO WATER DISTRICT,"8020 Ogden Landing Rd, West Paducah, Kentucky, 42086",42086,Kentucky,Region 4,Community water system,4010,,McCracken,3,2,32,-88.750852,37.098874,-88.750851,37.09881,-88.751852,-88.749852,37.097874,37.099874
KY0480461,BLACK MTN UTILITY/SUKEY RIDGE,"609 Four Mile Rd, Baxter, Kentucky, 40806",40806,Kentucky,Region 4,Community water system,740,,Harlan,3,10,8,-83.349143,36.865112,-83.349143,36.865112,-83.359143,-83.339143,36.855112,36.875112
KY0430244,LEITCHFIELD WATER WORKS,"3245 Lewis School Rd, Leitchfield, Kentucky, 42754",42754,Kentucky,Region 4,Community water system,8378,,Grayson,4,11,88,-86.37541,37.553898,-86.37541,37.553898,-86.38541,-86.36541,37.543898,37.563898
KY1020299,MT VERNON WATER WORKS,"40456, Mt Vernon, Kentucky",40456,Kentucky,Region 4,Community water system,5931,,Rockcastle,4,25,63,-84.34169,37.353941,-84.34169,37.353941,-84.54369,-84.13969,37.151941,37.555941
KY0241001,FORT CAMPBELL,"42223, Fort Campbell, Tennessee",42223,Kentucky,Region 4,Community water system,18000,,Christian,3,6,4,-87.448862,36.650666,-87.448862,36.650666,-87.693862,-87.203862,36.405666,36.895666
KY0600062,KNOTT CO WATER & SEWER DISTRICT,"7777 Big Branch Rd, Vicco, Kentucky, 41773",41773,Kentucky,Region 4,Community water system,4045,,Knott,27,27,58,-82.996581,37.230877,-82.996581,37.230877,-83.006581,-82.986581,37.220877,37.240877
KY0350133,FLEMING CO WATER ASSOCIATION,"41041, Flemingsburg, Kentucky",41041,Kentucky,Region 4,Community water system,11779,,Fleming,8,12,46,-83.728245,38.424138,-83.728245,38.424138,-83.873245,-83.583245,38.279138,38.569138
KY0710318,NORTH LOGAN WATER DISTRICT,"3118 Lewisburg Rd, Russellville, Kentucky, 42276",42276,Kentucky,Region 4,Community water system,1604,,Logan,4,9,54,-86.919087,36.881126,-86.917041,36.88096,-86.920087,-86.918087,36.880126,36.882126
KY0073691,FONDE WATER SYSTEM,"40977, Clear Crk Spg, Kentucky",40977,Kentucky,Region 4,Community water system,83,,Bell,3,1,1,-83.697806,36.761867,-83.697806,36.761867,-83.934806,-83.460806,36.524867,36.998867
KY0080976,BIRKLE WATER SUPPLY,"41080, Petersburg, Kentucky",41080,Kentucky,Region 4,Community water system,25,,Boone,6,18,33,-84.81612,39.06413,-84.81612,39.06413,-84.89712,-84.73512,38.98313,39.14513
KY0340965,BLUEGRASS STATION,"5751 Briar Hill Rd, Lexington, Kentucky, 40516",40516,Kentucky,Region 4,Community water system,1600,,Fayette,3,12,15,-84.317787,38.072635,-84.317931,38.07277,-84.318787,-84.316787,38.071635,38.073635
KY0300336,OWENSBORO MUNICIPAL UTILITIES,"42302, Owensboro, Kentucky",42302,Kentucky,Region 4,Community water system,57605,,Daviess,100,132,91,-87.110791,37.772551,-87.110791,37.772551,-87.115791,-87.105791,37.767551,37.777551
KY0310706,BROWNSVILLE MUNICIPAL WATER SYSTEM,"KY-238, Brownsville, Kentucky, 42210",42210,Kentucky,Region 4,Community water system,1337,,Edmonson,3,12,51,-86.426469,37.303744,-86.426469,37.303744,-86.488469,-86.364469,37.241744,37.365744
KY0060392,SHARPSBURG WATER DISTRICT,"40374, Sharpsburg, Kentucky",40374,Kentucky,Region 4,Community water system,4226,,Bath,4,4,43,-83.922841,38.203421,-83.922841,38.203421,-84.054841,-83.790841,38.071421,38.335421
KY0710951,EAST LOGAN WATER DISTRICT,"333 S Franklin St, Russellville, Kentucky, 42276",42276,Kentucky,Region 4,Community water system,7475,,Logan,4,12,73,-86.874691,36.845368,-86.874681,36.84516,-86.875691,-86.873691,36.844368,36.846368
KY0360026,SOUTHERN WATER & SEWER DISTRICT,"41647, E Mc Dowell, Kentucky",41647,Kentucky,Region 4,Community water system,22480,,Floyd,6,22,84,-82.742617,37.457039,-82.742617,37.457039,-82.833617,-82.651617,37.366039,37.548039
KY0550209,JACKSON CO WATER ASSOCIATION,"40486, Maulden, Kentucky",40486,Kentucky,Region 4,Community water system,13423,,Jackson,5,28,39,-83.891012,37.408701,-83.891012,37.408701,-84.011012,-83.771012,37.288701,37.528701
KY0450376,RUSSELL WATER COMPANY,"41169, Russell, Kentucky",41169,Kentucky,Region 4,Community water system,7425,,Greenup,5,77,73,-82.694511,38.5298,-82.694511,38.5298,-82.760511,-82.628511,38.4638,38.5958
KY0900031,BLOOMFIELD WATER & SEWER DEPT,"40008, Bloomfield, Kentucky",40008,Kentucky,Region 4,Community water system,5643,,Nelson,4,16,32,-85.320845,37.915777,-85.320845,37.915777,-85.482845,-85.158845,37.753777,38.077777
KY1112486,LBL FENTON LAKE ACCESS,"100 Van Morgan Dr, Cadiz, Kentucky, 42211",42211,Kentucky,Region 4,Transient non-community system,25,,Trigg,4,1,16,-88.05996,36.777054,-88.05996,36.777054,-88.06996,-88.04996,36.767054,36.787054
KY0760370,RICHMOND UTILITIES,"40475, Richmond, Kentucky",40475,Kentucky,Region 4,Community water system,35640,,Madison,4,16,53,-84.297901,37.745271,-84.297901,37.745271,-84.525901,-84.069901,37.517271,37.973271
KY0450410,SOUTH SHORE WATER WORKS INC,"41175, South Shore, Kentucky",41175,Kentucky,Region 4,Community water system,7000,,Greenup,29,105,81,-82.962162,38.72117,-82.962162,38.72117,-83.137162,-82.787162,38.54617,38.89617
KY0960051,BUTLER WATER WORKS,"41006, Butler, Kentucky",41006,Kentucky,Region 4,Community water system,980,,Pendleton,6,36,98,-84.371812,38.787891,-84.371812,38.787891,-84.509812,-84.233812,38.649891,38.925891
KY0960126,FALMOUTH WATER DEPARTMENT,"508 E Shelby St, Falmouth, Kentucky, 41040",41040,Kentucky,Region 4,Community water system,3861,,Pendleton,4,42,78,-84.325073,38.675058,-84.324891,38.67541,-84.326073,-84.324073,38.674058,38.676058
KY0860141,FOUNTAIN RUN WATER DISTRICT #1,"42133, Fountain Run, Kentucky",42133,Kentucky,Region 4,Community water system,1485,,Monroe,4,4,25,-85.96595,36.718808,-85.96595,36.718808,-86.05895,-85.87295,36.625808,36.811808
KY0600129,PHOENIX PROPERTY OWNERS ASSOC,"41739, Dwarf, Kentucky",41739,Kentucky,Region 4,Community water system,371,,Knott,9,97,80,-83.126898,37.328218,-83.126898,37.328218,-83.160898,-83.092898,37.294218,37.362218
KY0250981,EAST CLARK CO WATER DISTRICT,"40392, Winchester, Kentucky",40392,Kentucky,Region 4,Community water system,6867,,Clark,4,8,17,-84.176371,37.995911,-84.176371,37.995911,-84.181371,-84.171371,37.990911,38.000911
KY0722918,BUZZARD ROCK RESORT AND MARINA,"985 Buzzard Rock Rd, Kuttawa, Kentucky, 42055",42055,Kentucky,Region 4,Transient non-community system,150,,Lyon,4,6,12,-88.143461,37.041495,-88.143461,37.041495,-88.153461,-88.133461,37.031495,37.051495
KY0480265,BLACK MTN UTILITY/COXTON,"609 Four Mile Rd, Baxter, Kentucky, 40806",40806,Kentucky,Region 4,Community water system,356,,Harlan,5,15,9,-83.349143,36.865112,-83.349143,36.865112,-83.359143,-83.339143,36.855112,36.875112
KY0750207,ISLAND WATER DEPARTMENT,"42350, Island, Kentucky",42350,Kentucky,Region 4,Community water system,1512,,McLean,8,26,56,-87.14683,37.441662,-87.14683,37.441662,-87.27883,-87.01483,37.309662,37.573662
KY0500476,HORSE CAVE WATER SYSTEM,"42749, Park, Kentucky",42749,Kentucky,Region 4,Community water system,2798,,Hart,3,11,20,-85.906502,37.17961,-85.906502,37.17961,-86.130502,-85.682502,36.95561,37.40361
KY0180306,MURRAY WATER SYSTEM,"42071, Murray, Kentucky",42071,Kentucky,Region 4,Community water system,23760,,Calloway,16,76,45,-88.308922,36.61155,-88.308922,36.61155,-88.551922,-88.065922,36.36855,36.85455
KY1030292,MOREHEAD UTILITY PLANT BOARD,"135 S Wilson Ave, Morehead, Kentucky, 40351",40351,Kentucky,Region 4,Community water system,9970,,Rowan,4,123,66,-83.434698,38.181004,-83.434698,38.181004,-83.444698,-83.424698,38.171004,38.191004
KY1112837,LBL WRANGLERS CAMP,"100 Van Morgan Dr, Cadiz, Kentucky, 42211",42211,Kentucky,Region 4,Transient non-community system,25,,Trigg,4,1,19,-88.05996,36.777054,-88.05996,36.777054,-88.06996,-88.04996,36.767054,36.787054
KY0700162,GRAND RIVERS WATER SYSTEM,"42045, Iuka, Kentucky",42045,Kentucky,Region 4,Community water system,3623,,Livingston,6,12,45,-88.240314,37.023575,-88.240314,37.023575,-88.372314,-88.108314,36.891575,37.155575
KY0370143,FRANKFORT PLANT BOARD,"40602, Frankfort, Kentucky",40602,Kentucky,Region 4,Community water system,52153,,Franklin,4,54,67,-84.863962,38.215551,-84.863962,38.215551,-84.868962,-84.858962,38.210551,38.220551
KY0630797,EAST LAUREL WATER DISTRICT,"40741, Tuttle, Kentucky",40741,Kentucky,Region 4,Community water system,15857,,Laurel,3,3,13,-84.082692,37.128043,-84.082692,37.128043,-84.331692,-83.833692,36.879043,37.377043
KY0960112,EAST PENDLETON WATER DISTRICT,"41040, Falmouth, Kentucky",41040,Kentucky,Region 4,Community water system,5515,,Pendleton,4,0,33,-84.332072,38.67409,-84.332072,38.67409,-84.497072,-84.167072,38.50909,38.83909
KY0760407,SOUTHERN MADISON WATER DISTRICT,"40403, Berea, Kentucky",40403,Kentucky,Region 4,Community water system,13552,,Madison,3,12,17,-84.300792,37.57021,-84.300792,37.57021,-84.510792,-84.090792,37.36021,37.78021
KY0082082,DUKE ENERGY KY EAST BEND,"1000 E Main St, Plainfield, Indiana, 46168",46168,Kentucky,Region 4,Non-Transient non-community system,150,,Boone,9,37,21,-86.387329,39.707647,-86.387371,39.70964,-86.388329,-86.386329,39.706647,39.708647
KY0090287,MILLERSBURG MUNICIPAL WATER WORKS,"2300 Richmond Rd, Lexington, Kentucky, 40502",40502,Kentucky,Region 4,Community water system,1149,,Bourbon,4,57,38,-84.462218,38.015835,-84.462218,38.015835,-84.472218,-84.452218,38.005835,38.025835
KY0512440,TROCADERO PLAZA,"3800 Bowling Ln, Henderson, Kentucky, 42420",42420,Kentucky,Region 4,Transient non-community system,25,,Henderson,4,3,9,-87.516286,37.875148,-87.516286,37.875148,-87.526286,-87.506286,37.865148,37.885148
KY0480650,BLACK MTN UTILITY/ROSSPOINT,"609 Four Mile Rd, Baxter, Kentucky, 40806",40806,Kentucky,Region 4,Community water system,1889,,Harlan,3,10,4,-83.349143,36.865112,-83.349143,36.865112,-83.359143,-83.339143,36.855112,36.875112
KY0300467,WHITESVILLE WATER WORKS,"42378, Whitesville, Kentucky",42378,Kentucky,Region 4,Community water system,4084,,Daviess,3,7,31,-86.869379,37.681378,-86.869379,37.681378,-86.987379,-86.751379,37.563378,37.799378
KY1020891,WESTERN ROCKCASTLE WATER ASSOC,"40456, Mt Vernon, Kentucky",40456,Kentucky,Region 4,Community water system,10600,,Rockcastle,4,9,47,-84.34169,37.353941,-84.34169,37.353941,-84.54369,-84.13969,37.151941,37.555941
KY0340250,KENTUCKY-AMERICAN WATER CO,"2300 Richmond Rd, Lexington, Kentucky, 40502",40502,Kentucky,Region 4,Community water system,321244,,Fayette,13,3,49,-84.462218,38.015835,-84.462218,38.015835,-84.472218,-84.452218,38.005835,38.025835
KY1200411,SO WOODFORD CO WATER DISTRICT,"117 Crossfield Dr, Versailles, Kentucky, 40383",40383,Kentucky,Region 4,Community water system,4158,,Woodford,3,19,50,-84.714847,38.054549,-84.714847,38.054549,-84.724847,-84.704847,38.044549,38.064549
KY0540936,MADISONVILLE LIGHT & WATER,"42431, Madisonville, Kentucky",42431,Kentucky,Region 4,Community water system,28102,,Hopkins,10,7,80,-87.500032,37.330881,-87.500032,37.330881,-87.705032,-87.295032,37.125881,37.535881
KY0100011,ASHLAND WATER WORKS,"4040 Winchester Ave, Ashland, Kentucky, 41101",41101,Kentucky,Region 4,Community water system,44402,,Boyd,6,78,80,-82.612602,38.453485,-82.612602,38.453485,-82.622602,-82.602602,38.443485,38.463485
KY0520520,NEW CASTLE WATER WORKS,"40050, New Castle, Kentucky",40050,Kentucky,Region 4,Community water system,2100,,Henry,3,7,15,-85.169772,38.433154,-85.169772,38.433154,-85.245772,-85.093772,38.357154,38.509154
KY0780268,MARION COUNTY WATER DISTRICT,"217 S Main St, Marion, Kentucky, 42064",42064,Kentucky,Region 4,Community water system,16311,,Marion,4,4,20,-88.081606,37.331325,-88.081861,37.33135,-88.082606,-88.080606,37.330325,37.332325
KY0610016,BARBOURVILLE WATER & ELECTRIC,"40906, Crane Nest, Kentucky",40906,Kentucky,Region 4,Community water system,17892,,Knox,4,46,51,-83.889177,36.870177,-83.889177,36.870177,-84.072177,-83.706177,36.687177,37.053177
KY0082411,CAMP MICHAELS DAN BEARD COUNCIL,"3486 Hathaway Rd, Union, Kentucky, 41091",41091,Kentucky,Region 4,Transient non-community system,50,,Boone,3,15,14,-84.741768,38.942968,-84.743261,38.94393,-84.742768,-84.740768,38.941968,38.943968
KY0351008,GREATER FLEMING CO WT COMM,"41179, Trinity, Kentucky",41179,Kentucky,Region 4,Community water system,25,,Fleming,7,1,5,-83.324127,38.591914,-83.324127,38.591914,-83.645127,-83.003127,38.270914,38.912914
KY0610110,KNOX COUNTY UTILITY COMMISSION,"40906, Crane Nest, Kentucky",40906,Kentucky,Region 4,Community water system,7948,,Knox,7,209,68,-83.889177,36.870177,-83.889177,36.870177,-84.072177,-83.706177,36.687177,37.053177
KY0810275,MAYSVILLE UTILITY COMMISSION,"41056, Maysville, Kentucky",41056,Kentucky,Region 4,Community water system,15548,,Mason,4,41,83,-83.761968,38.646509,-83.761968,38.646509,-83.960968,-83.562968,38.447509,38.845509
KY1112364,LBL MAINTENANCE CENTER,"100 Van Morgan Dr, Cadiz, Kentucky, 42211",42211,Kentucky,Region 4,Non-Transient non-community system,25,,Trigg,5,46,20,-88.05996,36.777054,-88.05996,36.777054,-88.06996,-88.04996,36.767054,36.787054
KY0590220,NORTHERN KENTUCKY WATER SERVICE,"700 Alexandria Pike, Fort Thomas, Kentucky, 41075",41075,Kentucky,Region 4,Community water system,201663,,Kenton,8,139,165,-84.453649,39.063376,-84.453551,39.06348,-84.454649,-84.452649,39.062376,39.064376
KY0750529,BEECH GROVE WATER SYSTEM,"445 State Route 56 N, Calhoun, Kentucky, 42327",42327,Kentucky,Region 4,Community water system,1541,,McLean,4,20,45,-87.3942,37.621424,-87.3942,37.621424,-87.4042,-87.3842,37.611424,37.631424
KY0630451,WEST LAUREL WATER ASSOC INC,"40741, Tuttle, Kentucky",40741,Kentucky,Region 4,Community water system,14425,,Laurel,3,3,12,-84.082692,37.128043,-84.082692,37.128043,-84.331692,-83.833692,36.879043,37.377043
KY0500305,CITY OF MUNFORDVILLE,"42765, Munfordville, Kentucky",42765,Kentucky,Region 4,Community water system,2109,,Hart,3,5,52,-85.895912,37.2738,-85.895912,37.2738,-86.071912,-85.719912,37.0978,37.4498
KY1040377,RUSSELL SPRINGS WATER & SEWER,"42 Utility Dr, Russell Springs, Kentucky, 42642",42642,Kentucky,Region 4,Community water system,12474,,Russell,5,38,38,-85.075347,37.053533,-85.075131,37.05354,-85.076347,-85.074347,37.052533,37.054533
KY0170528,CALDWELL COUNTY WATER DISTRICT,"118 W Market St, Princeton, Kentucky, 42445",42445,Kentucky,Region 4,Community water system,5575,,Caldwell,4,19,22,-87.88218,37.109516,-87.882101,37.10964,-87.88318,-87.88118,37.108516,37.110516
KY1070398,SIMPSON COUNTY WATER DISTRICT,"42102, Bowling Green, Kentucky",42102,Kentucky,Region 4,Community water system,8200,,Simpson,5,10,34,-86.445162,36.99245,-86.445162,36.99245,-86.450162,-86.440162,36.98745,36.99745
KY0560258,LOUISVILLE WATER COMPANY,"550 S 3rd St, Louisville, Kentucky, 40202",40202,Kentucky,Region 4,Community water system,730611,,Jefferson,20,81,51,-85.755834,38.251015,-85.755834,38.251015,-85.765834,-85.745834,38.241015,38.261015
KY0170146,FREDONIA WATER DEPARTMENT,"42411, Fredonia, Kentucky",42411,Kentucky,Region 4,Community water system,998,,Caldwell,3,4,32,-88.060378,37.211007,-88.060378,37.211007,-88.218378,-87.902378,37.053007,37.369007
KY0730533,PADUCAH WATER WORKS,"42002, Paducah, Kentucky",42002,Kentucky,Region 4,Community water system,64013,,McCracken,20,32,57,-88.635061,37.07184,-88.635061,37.07184,-88.640061,-88.630061,37.06684,37.07684
KY0910675,WESTERN FLEMING WATER DISTRICT,"41039, Ewing, Kentucky",41039,Kentucky,Region 4,Community water system,3888,,Nicholas,5,104,89,-83.86683,38.428848,-83.86683,38.428848,-84.01483,-83.71883,38.280848,38.576848
KY0330123,ESTILL CO WATER DISTRICT,"76 Cedar Grove Rd, Irvine, Kentucky, 40336",40336,Kentucky,Region 4,Community water system,11286,,Estill,4,15,21,-83.990183,37.699062,-83.990183,37.699062,-84.000183,-83.980183,37.689062,37.709062
KY0602422,CAMP NATHANIEL,"41740, Emmalena, Kentucky",41740,Kentucky,Region 4,Transient non-community system,200,,Knott,4,2,15,-83.065051,37.367561,-83.065051,37.367561,-83.137051,-82.993051,37.295561,37.439561
KY0670279,FLEMING-NEON WATER COMPANY,"41840, Fleming Neon, Kentucky",41840,Kentucky,Region 4,Community water system,3546,,Letcher,6,59,47,-82.712241,37.191499,-82.712241,37.191499,-82.747241,-82.677241,37.156499,37.226499
KY0483727,CAWOOD WATER-PATHFORK,"40815, Three Point, Kentucky",40815,Kentucky,Region 4,Community water system,410,,Harlan,3,0,2,-83.231831,36.785331,-83.231831,36.785331,-83.290831,-83.172831,36.726331,36.844331
KY0530083,COLUMBUS WATER WORKS,"42032, Columbus, Kentucky",42032,Kentucky,Region 4,Community water system,306,,Hickman,7,182,39,-89.102622,36.754625,-89.102622,36.754625,-89.207622,-88.997622,36.649625,36.859625
KY0790173,HARDIN WATER DEPARTMENT,"42048, Hardin, Kentucky",42048,Kentucky,Region 4,Community water system,1746,,Marshall,3,22,20,-88.216932,36.77049,-88.216932,36.77049,-88.360932,-88.072932,36.62649,36.91449
KY0480262,LYNCH WATER WORKS,"40855, Lynch, Kentucky",40855,Kentucky,Region 4,Community water system,1188,,Harlan,4,22,48,-82.913796,36.964518,-82.913796,36.964518,-82.960796,-82.866796,36.917518,37.011518
KY0690278,MCKINNEY WATER DISTRICT,"40448, Mc Kinney, Kentucky",40448,Kentucky,Region 4,Community water system,5423,,Lincoln,4,11,21,-84.758352,37.45327,-84.758352,37.45327,-84.763352,-84.753352,37.44827,37.45827
KY0100064,CANNONSBURG WATER DISTRICT,"1606 Cannonsburg Rd, Ashland, Kentucky, 41102",41102,Kentucky,Region 4,Community water system,9911,,Boyd,3,13,40,-82.709923,38.387234,-82.709981,38.38676,-82.710923,-82.708923,38.386234,38.388234
KY0200284,MILBURN WATER DISTRICT,"7731 KY-80, Arlington, Kentucky, 42021",42021,Kentucky,Region 4,Community water system,431,,Carlisle,3,18,18,-88.886616,36.798024,-88.886581,36.79793,-88.887616,-88.885616,36.797024,36.799024
KY0980350,PIKEVILLE WATER DEPARTMENT,"306 Island Creek Rd, Pikeville, Kentucky, 41501",41501,Kentucky,Region 4,Community water system,10692,,Pike,4,33,95,-82.530022,37.460174,-82.530022,37.460174,-82.540022,-82.520022,37.450174,37.470174
KY1060394,SHELBYVILLE WATER & SEWER COMMISSION,"40065, Shelbyville, Kentucky",40065,Kentucky,Region 4,Community water system,23499,,Shelby,4,18,34,-85.221646,38.212762,-85.221646,38.212762,-85.394646,-85.048646,38.039762,38.385762
KY0980575,MOUNTAIN WATER DIST #1 MARROW BONE,"41502, Pikeville, Kentucky",41502,Kentucky,Region 4,Community water system,48518,,Pike,7,79,84,-82.518311,37.477781,-82.518311,37.477781,-82.523311,-82.513311,37.472781,37.482781
KY0540108,EARLINGTON WATER & SEWER,"103 W Main St, Earlington, Kentucky, 42410",42410,Kentucky,Region 4,Community water system,2228,,Hopkins,5,28,37,-87.512778,37.273816,-87.512971,37.27399,-87.513778,-87.511778,37.272816,37.274816
KY0450132,FLATWOODS WATER COMPANY,"2513 Reed St, Flatwoods, Kentucky, 41139",41139,Kentucky,Region 4,Community water system,7605,,Greenup,4,10,38,-82.723631,38.515215,-82.723661,38.51523,-82.724631,-82.722631,38.514215,38.516215
KY1000043,BRONSTON WATER ASSOCIATON INC,"42518, Bronston, Kentucky",42518,Kentucky,Region 4,Community water system,5114,,Pulaski,3,16,18,-84.62646,36.986101,-84.62646,36.986101,-84.76246,-84.49046,36.850101,37.122101
KY0300109,E DAVIESS CO WATER ASSOC INC,"9210 KY-144, Philpot, Kentucky, 42366",42366,Kentucky,Region 4,Community water system,12920,,Daviess,4,7,42,-86.913932,37.775985,-86.913741,37.77567,-86.914932,-86.912932,37.774985,37.776985
KY1060324,NORTH SHELBY WATER DISTRICT,"40003, Bagdad, Kentucky",40003,Kentucky,Region 4,Community water system,14850,,Shelby,6,11,14,-85.061319,38.263392,-85.061319,38.263392,-85.165319,-84.957319,38.159392,38.367392
KY0480565,CAWOOD WATER DISTRICT,"40815, Three Point, Kentucky",40815,Kentucky,Region 4,Community water system,4425,,Harlan,5,31,28,-83.231831,36.785331,-83.231831,36.785331,-83.290831,-83.172831,36.726331,36.844331
KY1140487,WARREN COUNTY WATER DISTRICT,"42102, Bowling Green, Kentucky",42102,Kentucky,Region 4,Community water system,66659,,Warren,7,122,72,-86.445162,36.99245,-86.445162,36.99245,-86.450162,-86.440162,36.98745,36.99745
KY0700243,LEDBETTER WATER DISTRICT,"42058, Ledbetter, Kentucky",42058,Kentucky,Region 4,Community water system,3742,,Livingston,7,123,63,-88.503074,37.047076,-88.503074,37.047076,-88.604074,-88.402074,36.946076,37.148076
KY0420084,CONSUMERS WATER DISTRICT,"42066, Mayfield, Kentucky",42066,Kentucky,Region 4,Community water system,4265,,Graves,7,37,38,-88.633194,36.738162,-88.633194,36.738162,-88.829194,-88.437194,36.542162,36.934162
KY0490179,HARRISON CO WATER ASSOC,"41031, Cynthiana, Kentucky",41031,Kentucky,Region 4,Community water system,15898,,Harrison,7,8,20,-84.291962,38.389771,-84.291962,38.389771,-84.487962,-84.095962,38.193771,38.585771
KY0990418,STANTON WATER WORKS,"40380, Bowen, Kentucky",40380,Kentucky,Region 4,Community water system,6611,,Powell,5,27,39,-83.862033,37.849378,-83.862033,37.849378,-84.093033,-83.631033,37.618378,38.080378
KY0570315,NICHOLASVILLE WATER DEPARTMENT,"595 Water Works Rd, Nicholasville, Kentucky, 40356",40356,Kentucky,Region 4,Community water system,20552,,Jessamine,5,87,42,-84.487564,37.840616,-84.487564,37.840616,-84.497564,-84.477564,37.830616,37.850616
KY0440167,GREEN TAYLOR WATER DISTRICT,"250 Industrial Rd, Greensburg, Kentucky, 42743",42743,Kentucky,Region 4,Community water system,13736,,Green,5,6,23,-85.49529,37.246071,-85.49529,37.246071,-85.50529,-85.48529,37.236071,37.256071
KY0040228,LACENTER MUNICIPAL WATER CO,"42056, La Center, Kentucky",42056,Kentucky,Region 4,Community water system,1663,,Ballard,7,58,47,-88.974032,37.072189,-88.974032,37.072189,-89.153032,-88.795032,36.893189,37.251189
KY1100121,ELKTON WATER WORKS,"42220, Elkton, Kentucky",42220,Kentucky,Region 4,Community water system,2780,,Todd,3,3,16,-87.152944,36.805918,-87.152944,36.805918,-87.390944,-86.914944,36.567918,37.043918
KY0270003,ALBANY WATER WORKS,"42602, Seminary, Kentucky",42602,Kentucky,Region 4,Community water system,14702,,Clinton,7,30,75,-85.131692,36.691281,-85.131692,36.691281,-85.328692,-84.934692,36.494281,36.888281
KY0060022,BATH COUNTY WATER DISTRICT,"40371, Salt Lick, Kentucky",40371,Kentucky,Region 4,Community water system,10740,,Bath,6,7,37,-83.616442,38.118965,-83.616442,38.118965,-83.770442,-83.462442,37.964965,38.272965
KY0910065,CARLISLE WATER DEPARTMENT,"107 E Chestnut St, Carlisle, Kentucky, 40311",40311,Kentucky,Region 4,Community water system,2779,,Nicholas,6,64,40,-84.027786,38.313198,-84.027721,38.31342,-84.028786,-84.026786,38.312198,38.314198
KY1000050,BURNSIDE WATER COMPANY,"42519, Burnside, Kentucky",42519,Kentucky,Region 4,Community water system,2284,,Pulaski,5,49,110,-84.567401,36.99031,-84.567401,36.99031,-84.718401,-84.416401,36.83931,37.14131
KY0900312,NEW HAVEN MUNICIPAL WATER WORKS,"40051, Howardstown, Kentucky",40051,Kentucky,Region 4,Community water system,2020,,Nelson,3,16,27,-85.535362,37.709735,-85.535362,37.709735,-85.736362,-85.334362,37.508735,37.910735
KY1020253,LIVINGSTON MUNICIPAL WATER WORKS,"40445, Livingston, Kentucky",40445,Kentucky,Region 4,Community water system,529,,Rockcastle,5,30,56,-84.195991,37.341151,-84.195991,37.341151,-84.297991,-84.093991,37.239151,37.443151
KY0700401,SMITHLAND WATER & SEWER,"42081, Carrsville, Kentucky",42081,Kentucky,Region 4,Community water system,882,,Livingston,7,71,45,-88.402328,37.138073,-88.402328,37.138073,-88.689328,-88.115328,36.851073,37.425073
KY0370137,ELKHORN WATER DISTRICT,"40602, Frankfort, Kentucky",40602,Kentucky,Region 4,Community water system,1515,,Franklin,3,4,27,-84.863962,38.215551,-84.863962,38.215551,-84.868962,-84.858962,38.210551,38.220551
KY1000311,SOUTHEASTERN WATER ASSOC/NELSON VALLEY,"147 Somerset Vlg, Somerset, Kentucky, 42501",42501,Kentucky,Region 4,Community water system,20154,,Pulaski,3,3,18,-84.614288,37.065897,-84.614288,37.065897,-84.624288,-84.604288,37.055897,37.075897
KY0222251,CAMP ROBERT C WEBB,"1486 Camp Webb Rd, Grayson, Kentucky, 41143",41143,Kentucky,Region 4,Transient non-community system,250,,Carter,4,13,27,-82.979954,38.242381,-82.979954,38.242381,-82.989954,-82.969954,38.232381,38.252381
KY0180509,CENTER RIDGE WATER DISTRICT #2,"1650 Des Peres Rd, Saint Louis, Missouri, 63131",63131,Kentucky,Region 4,Community water system,333,,Calloway,5,135,35,-90.451756,38.607156,-90.452131,38.60713,-90.452756,-90.450756,38.606156,38.608156
KY1183728,WHITLEY CO. WATER DISTRICT 92 WEST,"US-25W, Williamsburg, Kentucky, 40769",40769,Kentucky,Region 4,Community water system,187,,Whitley,3,2,1,-84.155676,36.716784,-84.155676,36.716784,-84.284676,-84.026676,36.587784,36.845784
KY0460182,HAWESVILLE WATER WORKS,"42348, Hawesville, Kentucky",42348,Kentucky,Region 4,Community water system,3225,,Hancock,17,9,80,-86.753935,37.898673,-86.753935,37.898673,-86.978935,-86.528935,37.673673,38.123673
KY0540977,NEBO WATER DISTRICT,"45 N Bernard St, Nebo, Kentucky, 42441",42441,Kentucky,Region 4,Community water system,4553,,Hopkins,3,1,25,-87.642535,37.384464,-87.642731,37.38448,-87.643535,-87.641535,37.383464,37.385464
KY0480341,GREEN HILLS WATER DISTRICT,"609 Four Mile Rd, Baxter, Kentucky, 40806",40806,Kentucky,Region 4,Community water system,1443,,Harlan,5,95,44,-83.349143,36.865112,-83.349143,36.865112,-83.359143,-83.339143,36.855112,36.875112
KY0990074,CLAY CITY WATER SYSTEM,"40312, Clay City, Kentucky",40312,Kentucky,Region 4,Community water system,2029,,Powell,5,4,23,-83.917399,37.8578,-83.917399,37.8578,-84.027399,-83.807399,37.7478,37.9678
KY1100171,GUTHRIE WATER WORKS,"42234, Tiny Town, Kentucky",42234,Kentucky,Region 4,Community water system,2421,,Todd,5,28,43,-87.171428,36.645274,-87.171428,36.645274,-87.322428,-87.020428,36.494274,36.796274
KY0680438,VANCEBURG ELECTRIC PLANT BOARD,"41179, Trinity, Kentucky",41179,Kentucky,Region 4,Community water system,7262,,Lewis,13,41,35,-83.324127,38.591914,-83.324127,38.591914,-83.645127,-83.003127,38.270914,38.912914
KY0860150,MONROE COUNTY WATER DISTRICT,"205 Capp Harlan Rd, Tompkinsville, Kentucky, 42167",42167,Kentucky,Region 4,Community water system,9908,,Monroe,4,1,34,-85.68045,36.701922,-85.680071,36.7022,-85.68145,-85.67945,36.700922,36.702922
KY0480028,BENHAM WATER PLANT,"40807, Benham, Kentucky",40807,Kentucky,Region 4,Community water system,1055,,Harlan,4,16,41,-82.950487,36.964333,-82.950487,36.964333,-82.955487,-82.945487,36.959333,36.969333
KY0820641,DOE VALLEY UTILITIES INC,"147 Doe Valley Pkwy W, Brandenburg, Kentucky, 40108",40108,Kentucky,Region 4,Community water system,2109,,Meade,5,23,34,-86.11516,37.956945,-86.11516,37.956945,-86.12516,-86.10516,37.946945,37.966945
KY1180093,CUMBERLAND FALLS HIGHWAY WATER DISTRICT,"Cumberland Falls Hwy, Corbin, Kentucky, 40701",40701,Kentucky,Region 4,Community water system,9005,,Whitley,5,8,18,-84.187334,36.891698,-84.187334,36.891698,-84.261334,-84.113334,36.817698,36.965698
KY0710247,LEWISBURG WATER WORKS,"42256, Lewisburg, Kentucky",42256,Kentucky,Region 4,Community water system,2982,,Logan,6,57,86,-86.950406,36.987002,-86.950406,36.987002,-87.159406,-86.741406,36.778002,37.196002
KY0100944,BIG SANDY WATER DISTRICT,"18200 State Route 3, Catlettsburg, Kentucky, 41129",41129,Kentucky,Region 4,Community water system,13255,,Boyd,6,15,39,-82.713552,38.326497,-82.713552,38.326497,-82.723552,-82.703552,38.316497,38.336497
KY0180102,DEXTER ALMO HEIGHTS WATER DISTRICT,"351 Almo Rd, Almo, Kentucky, 42020",42020,Kentucky,Region 4,Community water system,2275,,Calloway,3,8,24,-88.298745,36.694699,-88.298745,36.694699,-88.308745,-88.288745,36.684699,36.704699
KY0210066,CARROLL CO WATER DISTRICT #1,"205 Main Cross, Ghent, Kentucky, 41045",41045,Kentucky,Region 4,Community water system,9053,,Carroll,19,13,83,-85.05947,38.738171,-85.05947,38.738171,-85.06947,-85.04947,38.728171,38.748171
KY0762637,BLUE GRASS ARMY DEPOT,"431 Battlefield Memorial Hwy, Richmond, Kentucky, 40475",40475,Kentucky,Region 4,Non-Transient non-community system,1200,,Madison,4,32,20,-84.256511,37.679595,-84.256511,37.679595,-84.266511,-84.246511,37.669595,37.689595
KY0040020,BARLOW WATER SYSTEM,"42024, Barlow, Kentucky",42024,Kentucky,Region 4,Community water system,1069,,Ballard,7,60,36,-89.045332,37.053464,-89.045332,37.053464,-89.182332,-88.908332,36.916464,37.190464
KY0050344,"CAVELAND ENVIRONMENTAL AUTHORITY, INC.","42127, Cave City, Kentucky",42127,Kentucky,Region 4,Community water system,823,,Barren,4,23,38,-85.961968,37.126824,-85.961968,37.126824,-86.151968,-85.771968,36.936824,37.316824
KY0510510,HENDERSON WATER UTILITY/SOUTH,"230 N Alvasia St, Henderson, Kentucky, 42420",42420,Kentucky,Region 4,Community water system,0,,Henderson,4,47,17,-87.582433,37.837464,-87.582281,37.83742,-87.583433,-87.581433,37.836464,37.838464
KY0790029,BENTON WATER & SEWER,"1009 Main St, Benton, Kentucky, 42025",42025,Kentucky,Region 4,Community water system,7867,,Marshall,9,52,40,-88.350728,36.858171,-88.350511,36.85817,-88.351728,-88.349728,36.857171,36.859171
KY0470990,HARDIN CO. WATER DIST #1/FT. KNOX,"1400 Rogersville Rd, Vine Grove, Kentucky, 40160",40160,Kentucky,Region 4,Community water system,42400,,Hardin,14,85,33,-85.950805,37.809892,-85.949551,37.80935,-85.951805,-85.949805,37.808892,37.810892
KY0810046,BUFFALO TRAIL WATER ASSOC,"41135 US Highway 62, Sardis, Kentucky, 41055",41055,Kentucky,Region 4,Community water system,4158,,Mason,4,16,23,-83.953591,38.529472,-83.953371,38.52961,-83.954591,-83.952591,38.528472,38.530472
KY0690417,STANFORD WATER WORKS,"40484, Stanford, Kentucky",40484,Kentucky,Region 4,Community water system,9284,,Lincoln,6,46,62,-84.658107,37.531467,-84.658107,37.531467,-84.881107,-84.435107,37.308467,37.754467
KY0182057,PARADISE RESORT,"1024 Paradise Dr, Murray, Kentucky, 42071",42071,Kentucky,Region 4,Transient non-community system,40,,Calloway,4,8,4,-88.091124,36.681704,-88.091124,36.681704,-88.101124,-88.081124,36.671704,36.691704
KY1170995,WEBSTER CO WATER DISTRICT,"42409, Dixon, Kentucky",42409,Kentucky,Region 4,Community water system,6148,,Webster,7,88,41,-87.689283,37.517072,-87.689283,37.517072,-87.813283,-87.565283,37.393072,37.641072
KY0640257,LOUISA WATER DEPARTMENT,"41230, Clifford, Kentucky",41230,Kentucky,Region 4,Community water system,7511,,Lawrence,4,26,58,-82.607382,38.112911,-82.607382,38.112911,-82.841382,-82.373382,37.878911,38.346911
KY0890302,MUHLENBERG CO WATER DISTRICT,"42345, Greenville, Kentucky",42345,Kentucky,Region 4,Community water system,18064,,Muhlenberg,3,5,52,-87.179542,37.2055,-87.179542,37.2055,-87.355542,-87.003542,37.0295,37.3815
KY0530077,WATER SERVICE CORP OF KENTUCKY,"42031, Clinton, Kentucky",42031,Kentucky,Region 4,Community water system,1734,,Hickman,7,34,33,-88.993756,36.66808,-88.993756,36.66808,-89.171756,-88.815756,36.49008,36.84608
KY0710378,CITY OF RUSSELLVILLE,"168 S Main St, Russellville, Kentucky, 42276",42276,Kentucky,Region 4,Community water system,8955,,Logan,6,26,150,-86.887488,36.845233,-86.887488,36.845233,-86.897488,-86.877488,36.835233,36.855233
KY0890071,CENTRAL CITY WATER & SEWER,"42330, Central City, Kentucky",42330,Kentucky,Region 4,Community water system,6715,,Muhlenberg,4,25,68,-87.124757,37.292985,-87.124757,37.292985,-87.268757,-86.980757,37.148985,37.436985
KY0430616,GRAYSON COUNTY WATER DISTRICT,"Waterside Dr, Falls Of Rough, Kentucky, 40119",40119,Kentucky,Region 4,Community water system,20033,,Grayson,5,25,58,-86.463064,37.587917,-86.463064,37.587917,-86.469064,-86.457064,37.581917,37.593917
KY0860426,TOMPKINSVILLE WATER WORKS,"206 N Magnolia St, Tompkinsville, Kentucky, 42167",42167,Kentucky,Region 4,Community water system,3695,,Monroe,4,88,59,-85.69195,36.700231,-85.69195,36.700231,-85.70195,-85.68195,36.690231,36.710231
KY1020288,EASTERN ROCKCASTLE  WATER ASSOC,"2300 Richmond Rd, Lexington, Kentucky, 40502",40502,Kentucky,Region 4,Community water system,1794,,Rockcastle,5,17,11,-84.462218,38.015835,-84.462218,38.015835,-84.472218,-84.452218,38.005835,38.025835
KY0450478,WORTHINGTON MUNICIPAL WATER WORKS,"41183, Worthington, Kentucky",41183,Kentucky,Region 4,Community water system,1673,,Greenup,9,6,40,-82.728491,38.549919,-82.728491,38.549919,-82.768491,-82.688491,38.509919,38.589919
KY0180185,SOUTH 641 WATER DISTRICT,"42049, Hazel, Kentucky",42049,Kentucky,Region 4,Community water system,1160,,Calloway,3,2,26,-88.325072,36.505451,-88.325072,36.505451,-88.489072,-88.161072,36.341451,36.669451
KY0072714,CUMBERLAND GAP NHP/PINNACLE,"40965, Middlesboro, Kentucky",40965,Kentucky,Region 4,Transient non-community system,50,,Bell,4,3,22,-83.719862,36.607706,-83.719862,36.607706,-83.979862,-83.459862,36.347706,36.867706
KY0970484,VICCO WATER SUPPLY,"41773, Amburgey, Kentucky",41773,Kentucky,Region 4,Community water system,2239,,Perry,4,18,91,-83.058938,37.212536,-83.058938,37.212536,-83.166938,-82.950938,37.104536,37.320536
KY0081013,BOONE-FLORENCE WATER COMMISSION,"41005, Burlington, Kentucky",41005,Kentucky,Region 4,Community water system,25,,Boone,5,4,3,-84.694531,39.019361,-84.694531,39.019361,-84.853531,-84.535531,38.860361,39.178361
KY0300320,NORTH MCLEAN CO WATER DISTRICT,"42352, Livermore, Kentucky",42352,Kentucky,Region 4,Community water system,3715,,Daviess,6,4,40,-87.135635,37.492498,-87.135635,37.492498,-87.258635,-87.012635,37.369498,37.615498
KY0380193,HICKMAN WATER DEPARTMENT,"1812 S 7th St, Hickman, Kentucky, 42050",42050,Kentucky,Region 4,Community water system,3677,,Fulton,9,68,43,-89.178809,36.562208,-89.178809,36.562208,-89.188809,-89.168809,36.552208,36.572208
KY0030239,LAWRENCEBURG WATER & SEWER DEPT,"1536 Tyrone Rd, Lawrenceburg, Kentucky, 40342",40342,Kentucky,Region 4,Community water system,19305,,Anderson,5,115,61,-84.846432,38.037023,-84.846771,38.03587,-84.847432,-84.845432,38.036023,38.038023
KY0230987,LIBERTY WATER WORKS,"US-127, Liberty, Kentucky, 42539",42539,Kentucky,Region 4,Community water system,2946,,Casey,7,210,87,-84.943069,37.308756,-84.943069,37.308756,-85.042069,-84.844069,37.209756,37.407756
KY0920631,PERDUE FARMS INC,"5025 US Highway 231 S, Beaver Dam, Kentucky, 42320",42320,Kentucky,Region 4,Community water system,400,,Ohio,4,57,28,-86.800271,37.344664,-86.800271,37.344664,-86.810271,-86.790271,37.334664,37.354664
KY0920070,CENTERTOWN WATER SYSTEM,"42328, Centertown, Kentucky",42328,Kentucky,Region 4,Community water system,1485,,Ohio,4,18,44,-86.996046,37.415004,-86.996046,37.415004,-87.137046,-86.855046,37.274004,37.556004
KY1000973,WOODSON BEND PROPERTY OWNERS ASSOC,"45218, Cincinnati, Ohio",45218,Kentucky,Region 4,Community water system,1455,,Pulaski,4,43,57,-84.515356,39.274275,-84.515356,39.274275,-84.535356,-84.495356,39.254275,39.294275
KY0750055,CALHOUN WATER WORKS,"42327, West Louisville, Kentucky",42327,Kentucky,Region 4,Community water system,1515,,McLean,4,25,54,-87.259084,37.542496,-87.259084,37.542496,-87.500084,-87.018084,37.301496,37.783496
KY0620200,HODGENVILLE WATER WORKS,"42748, Hodgenville, Kentucky",42748,Kentucky,Region 4,Community water system,4951,,Larue,4,20,52,-85.740499,37.569916,-85.740499,37.569916,-85.907499,-85.573499,37.402916,37.736916
KY1112211,"LBL HILLMAN FERRY A, B & C","100 Van Morgan Dr, Cadiz, Kentucky, 42211",42211,Kentucky,Region 4,Transient non-community system,42,,Trigg,10,30,22,-88.05996,36.777054,-88.05996,36.777054,-88.06996,-88.04996,36.767054,36.787054
KY1180085,CORBIN UTILITIES COMMISSION,"40702, Corbin, Kentucky",40702,Kentucky,Region 4,Community water system,17327,,Whitley,4,38,51,-84.095552,36.9441,-84.095552,36.9441,-84.100552,-84.090552,36.9391,36.9491
KY0920332,OHIO COUNTY WATER DISTRICT,"124 Washington St, Hartford, Kentucky, 42347",42347,Kentucky,Region 4,Community water system,17508,,Ohio,6,68,100,-86.90851,37.449962,-86.90851,37.449962,-86.91851,-86.89851,37.439962,37.459962
KY0510188,HENDERSON MUNICIPAL WATER & SEWER,"230 N Alvasia St, Henderson, Kentucky, 42420",42420,Kentucky,Region 4,Community water system,31696,,Henderson,4,24,53,-87.582433,37.837464,-87.582281,37.83742,-87.583433,-87.581433,37.836464,37.838464
KY0210008,WEST CARROLL WATER DISTRICT - CARROLLTON,"41008, Carrollton, Kentucky",41008,Kentucky,Region 4,Community water system,2617,,Carroll,3,7,29,-85.176171,38.677211,-85.176171,38.677211,-85.285171,-85.067171,38.568211,38.786211
KY0140206,IRVINGTON WATER SYSTEM,"40146, Lodiburg, Kentucky",40146,Kentucky,Region 4,Community water system,1639,,Breckinridge,3,50,69,-86.283722,37.878891,-86.283722,37.878891,-86.476722,-86.090722,37.685891,38.071891
KY0840048,BURGIN WATER DEPARTMENT,"40310, Burgin, Kentucky",40310,Kentucky,Region 4,Community water system,1399,,Mercer,3,14,14,-84.770079,37.753573,-84.770079,37.753573,-84.781079,-84.759079,37.742573,37.764573
KY0260266,NORTH MANCHESTER WATER ASSOC,"7361 N Highway 421, Manchester, Kentucky, 40962",40962,Kentucky,Region 4,Community water system,5887,,Clay,3,1,37,-83.803656,37.240506,-83.803656,37.240506,-83.813656,-83.793656,37.230506,37.250506
KY0840321,NORTH MERCER WATER DISTRICT,"40372, Bondville, Kentucky",40372,Kentucky,Region 4,Community water system,12465,,Mercer,3,10,18,-84.857703,37.9152,-84.857703,37.9152,-85.013703,-84.701703,37.7592,38.0712
KY1140038,BOWLING GREEN MUNICIPAL UTILITIES,"42102, Bowling Green, Kentucky",42102,Kentucky,Region 4,Community water system,54945,,Warren,4,3,98,-86.445162,36.99245,-86.445162,36.99245,-86.450162,-86.440162,36.98745,36.99745
KY0360272,MARTIN WATER DEPARTMENT,"41649, Risner, Kentucky",41649,Kentucky,Region 4,Community water system,1167,,Floyd,3,39,82,-82.755257,37.573322,-82.755257,37.573322,-82.856257,-82.654257,37.472322,37.674322
KY1170400,SLAUGHTERS WATER WORKS,"42456, Slaughters, Kentucky",42456,Kentucky,Region 4,Community water system,763,,Webster,3,8,26,-87.50222,37.492304,-87.50222,37.492304,-87.65522,-87.34922,37.339304,37.645304
KY0820481,MULDRAUGH WATER DEPARTMENT,"40155, Muldraugh, Kentucky",40155,Kentucky,Region 4,Community water system,1262,,Meade,3,2,23,-85.992372,37.937401,-85.992372,37.937401,-86.054372,-85.930372,37.875401,37.999401
KY1160291,MONTICELLO WATER & SEWER COMMISSION,"42633, Gregory, Kentucky",42633,Kentucky,Region 4,Community water system,23166,,Wayne,4,18,78,-84.850006,36.834308,-84.850006,36.834308,-85.127006,-84.573006,36.557308,37.111308
KY1180468,WHITLEY CO WATER DISTRICT #1,"US-25W, Williamsburg, Kentucky, 40769",40769,Kentucky,Region 4,Community water system,2002,,Whitley,3,4,20,-84.155676,36.716784,-84.155676,36.716784,-84.284676,-84.026676,36.587784,36.845784
KY0200018,BARDWELL CITY UTILITIES,"225 Front St, Bardwell, Kentucky, 42023",42023,Kentucky,Region 4,Community water system,1485,,Carlisle,7,77,38,-89.010454,36.870827,-89.010453,36.870826,-89.011454,-89.009454,36.869827,36.871827
KY0060338,OWINGSVILLE WATER WORKS,"40360, Owingsville, Kentucky",40360,Kentucky,Region 4,Community water system,3359,,Bath,5,46,67,-83.765812,38.14345,-83.765812,38.14345,-83.917812,-83.613812,37.99145,38.29545
KY0870367,REID VILLAGE WATER DISTRICT,"40353, Mount Sterling, Kentucky",40353,Kentucky,Region 4,Community water system,2961,,Montgomery,3,17,36,-83.940882,38.057631,-83.940882,38.057631,-84.108882,-83.772882,37.889631,38.225631
KY0810366,WESTERN LEWIS RECTORVILLE WATER DISTRICT,"8044 KY-3161, Maysville, Kentucky, 41056",41056,Kentucky,Region 4,Community water system,6534,,Mason,16,43,86,-83.65648,38.579993,-83.65648,38.579993,-83.66648,-83.64648,38.569993,38.589993
KY1130433,UNION COUNTY WATER DISTRICT,"42437, Morganfield, Kentucky",42437,Kentucky,Region 4,Community water system,6590,,Union,3,8,23,-87.911592,37.685231,-87.911592,37.685231,-88.128592,-87.694592,37.468231,37.902231
KY1050157,GEORGETOWN MUNICIPAL WATER SERVICE,"40324, Georgetown, Kentucky",40324,Kentucky,Region 4,Community water system,33338,,Scott,8,31,68,-84.554723,38.209762,-84.554723,38.209762,-84.724723,-84.384723,38.039762,38.379762
KY0570214,JESSAMINE CO WATER DISTRICT #1,"2225 Lexington Rd, Nicholasville, Kentucky, 40356",40356,Kentucky,Region 4,Community water system,5495,,Jessamine,3,19,25,-84.556016,37.919617,-84.556016,37.919617,-84.566016,-84.546016,37.909617,37.929617
KY1110054,CADIZ MUNICIPAL WATER CO,"42211, Golden Pond, Kentucky",42211,Kentucky,Region 4,Community water system,6000,,Trigg,4,15,44,-87.817251,36.872088,-87.817251,36.872088,-88.157251,-87.477251,36.532088,37.212088
KY0390130,GALLATIN COUNTY WATER DISTRICT,"KY-455, Sparta, Kentucky, 41086",41086,Kentucky,Region 4,Community water system,5860,,Gallatin,10,71,22,-84.875794,38.738623,-84.875794,38.738623,-84.924794,-84.826794,38.689623,38.787623
KY0080910,TRAPP WATER COMPANY,"6697 2nd St, Burlington, Kentucky, 41005",41005,Kentucky,Region 4,Community water system,25,,Boone,8,47,37,-84.82836,38.984383,-84.828921,38.98418,-84.82936,-84.82736,38.983383,38.985383
KY0732457,US ENRICHMENT CORP,"5511 Hobbs Rd, Kevil, Kentucky, 42053",42053,Kentucky,Region 4,Non-Transient non-community system,2000,,McCracken,4,13,34,-88.823624,37.09208,-88.823624,37.09208,-88.833624,-88.813624,37.08208,37.10208
KY0430063,CANEYVILLE MUNICIPAL WATER WORKS,"42721, Neafus, Kentucky",42721,Kentucky,Region 4,Community water system,2079,,Grayson,5,10,107,-86.492681,37.41932,-86.492681,37.41932,-86.655681,-86.329681,37.25632,37.58232
KY0280267,MARION WATER DEPARTMENT,"217 S Main St, Marion, Kentucky, 42064",42064,Kentucky,Region 4,Community water system,3033,,Crittenden,6,49,58,-88.081606,37.331325,-88.081861,37.33135,-88.082606,-88.080606,37.330325,37.332325
KY0131012,BREATHITT CO WATER DISTRICT,"1137 Main St, Jackson, Kentucky, 41339",41339,Kentucky,Region 4,Community water system,1316,,Breathitt,3,3,2,-83.383208,37.554245,-83.383081,37.55412,-83.384208,-83.382208,37.553245,37.555245
KY0120044,BROOKSVILLE UTILITY,"41004, Brooksville, Kentucky",41004,Kentucky,Region 4,Community water system,977,,Bracken,3,12,58,-84.067331,38.684471,-84.067331,38.684471,-84.219331,-83.915331,38.532471,38.836471
KY0460248,LEWISPORT MUNICIPAL WATER WORKS,"42351, Lewisport, Kentucky",42351,Kentucky,Region 4,Community water system,3249,,Hancock,9,8,52,-86.913178,37.92999,-86.913178,37.92999,-87.042178,-86.784178,37.80099,38.05899
KY0710707,SOUTH LOGAN WATER ASSOCIATION,"114 S Main St, Adairville, Kentucky, 42202",42202,Kentucky,Region 4,Community water system,4654,,Logan,4,5,54,-86.852237,36.667201,-86.851801,36.6672,-86.853237,-86.851237,36.666201,36.668201
KY1200439,VERSAILLES WATER SYSTEM,"40383, Versailles, Kentucky",40383,Kentucky,Region 4,Community water system,17822,,Woodford,5,94,40,-84.726132,38.051431,-84.726132,38.051431,-84.930132,-84.522132,37.847431,38.255431
KY0220164,GRAYSON UTILITY COMMISSION,"671 S State Highway 7, Grayson, Kentucky, 41143",41143,Kentucky,Region 4,Community water system,12275,,Carter,4,31,52,-82.949353,38.321633,-82.949441,38.32166,-82.950353,-82.948353,38.320633,38.322633
KY0120039,BRACKEN COUNTY WATER DISTRICT,"41004, Brooksville, Kentucky",41004,Kentucky,Region 4,Community water system,6665,,Bracken,6,8,189,-84.067331,38.684471,-84.067331,38.684471,-84.219331,-83.915331,38.532471,38.836471
KY1120289,MILTON WATER & SEWER DEPARTMENT,"10179 US-421 N, Milton, Kentucky, 40045",40045,Kentucky,Region 4,Community water system,3861,,Trimble,7,9,29,-85.372576,38.700853,-85.373281,38.70138,-85.373576,-85.371576,38.699853,38.701853
KY0360152,FRANCIS WATER COMPANY,"41630, Garrett, Kentucky",41630,Kentucky,Region 4,Community water system,965,,Floyd,5,60,59,-82.879243,37.456759,-82.879243,37.456759,-82.987243,-82.771243,37.348759,37.564759
KY0870298,MT STERLING WATER WORKS,"40353, Mount Sterling, Kentucky",40353,Kentucky,Region 4,Community water system,16391,,Montgomery,4,71,43,-83.940882,38.057631,-83.940882,38.057631,-84.108882,-83.772882,37.889631,38.225631
KY0510189,HENDERSON COUNTY WATER DISTRICT,"42419, Henderson, Kentucky",42419,Kentucky,Region 4,Community water system,17342,,Henderson,4,2,36,-87.594001,37.839591,-87.594001,37.839591,-87.599001,-87.589001,37.834591,37.844591
KY0960499,PENDLETON CO WATER DISTRICT #1/SOUTH,"41040, Falmouth, Kentucky",41040,Kentucky,Region 4,Community water system,3713,,Pendleton,3,8,30,-84.332072,38.67409,-84.332072,38.67409,-84.497072,-84.167072,38.50909,38.83909
KY0290049,BURKESVILLE WATER WORKS,"42717, Waterview, Kentucky",42717,Kentucky,Region 4,Community water system,3219,,Cumberland,4,50,69,-85.367826,36.796295,-85.367826,36.796295,-85.601826,-85.133826,36.562295,37.030295
KY0030660,SO ANDERSON WATER DISTRICT,"1521 Fieldstone Dr, Lawrenceburg, Kentucky, 40342",40342,Kentucky,Region 4,Community water system,7633,,Anderson,4,5,36,-84.911972,38.020088,-84.912151,38.01997,-84.912972,-84.910972,38.019088,38.021088
KY1170104,DIXON WATER DEPARTMENT,"42409, Dixon, Kentucky",42409,Kentucky,Region 4,Community water system,1173,,Webster,5,17,22,-87.689283,37.517072,-87.689283,37.517072,-87.813283,-87.565283,37.393072,37.641072
KY0512406,RIO TINTO ALCAN,"9404 KY-2096, Robards, Kentucky, 42452",42452,Kentucky,Region 4,Non-Transient non-community system,600,,Henderson,4,64,29,-87.513046,37.68547,-87.513046,37.68547,-87.523046,-87.503046,37.67547,37.69547
KY0040469,WICKLIFFE MUNICIPAL WATER SYSTEM,"42087, Blandville, Kentucky",42087,Kentucky,Region 4,Community water system,1708,,Ballard,10,41,40,-89.085998,36.968472,-89.085998,36.968472,-89.344998,-88.826998,36.709472,37.227472
KY0240201,HOPKINSVILLE WATER ENVIRONMENTAL AUTH,"42240, Hopkinsville, Kentucky",42240,Kentucky,Region 4,Community water system,36102,,Christian,7,39,53,-87.489402,36.864131,-87.489402,36.864131,-87.723402,-87.255402,36.630131,37.098131
KY0423170,PILGRIMS PRIDE POULTRY CO OF KY INC,"2653 State Route 1241, Hickory, Kentucky, 42051",42051,Kentucky,Region 4,Non-Transient non-community system,1200,,Graves,9,31,15,-88.650843,36.829519,-88.652461,36.82914,-88.651843,-88.649843,36.828519,36.830519
KY0220335,OLIVE HILL MUNICIPAL WATER WORKS,"225 Roger Patton Dr, Olive Hill, Kentucky, 41164",41164,Kentucky,Region 4,Community water system,7752,,Carter,8,50,162,-83.184853,38.294996,-83.184621,38.29506,-83.185853,-83.183853,38.293996,38.295996
KY0140079,CLOVERPORT WATER & SEWER SYSTEM,"212 W Main St, Cloverport, Kentucky, 40111",40111,Kentucky,Region 4,Community water system,1194,,Breckinridge,8,34,53,-86.632239,37.837103,-86.632201,37.83682,-86.633239,-86.631239,37.836103,37.838103
KY0240521,CHRISTIAN CO WATER DISTRICT,"42241, Hopkinsville, Kentucky",42241,Kentucky,Region 4,Community water system,15824,,Christian,4,9,37,-87.486572,36.869921,-87.486572,36.869921,-87.491572,-87.481572,36.864921,36.874921
KY0540138,NORTH HOPKINS WATER DISTRICT,"410 Liberty Church Dr, Madisonville, Kentucky, 42431",42431,Kentucky,Region 4,Community water system,3537,,Hopkins,3,3,25,-87.449121,37.328208,-87.449001,37.3291,-87.450121,-87.448121,37.327208,37.329208
KY0480092,CUMBERLAND MUNICIPAL WATER WORKS,"402 W Main St, Cumberland, Kentucky, 40823",40823,Kentucky,Region 4,Community water system,3478,,Harlan,4,25,68,-82.99282,36.974965,-82.992681,36.97475,-82.99382,-82.99182,36.973965,36.975965
KY0210637,WEST CARROLL WATER DISTRICT - MILTON,"41008, Carrollton, Kentucky",41008,Kentucky,Region 4,Community water system,86,,Carroll,4,2,7,-85.176171,38.677211,-85.176171,38.677211,-85.285171,-85.067171,38.568211,38.786211
KY1090060,CAMPBELLSVILLE MUNICIPAL WATER,"110 S Columbia Ave, Campbellsville, Kentucky, 42718",42718,Kentucky,Region 4,Community water system,26640,,Taylor,6,84,72,-85.344507,37.33984,-85.344261,37.33996,-85.345507,-85.343507,37.33884,37.34084
KY0750252,LIVERMORE WATER WORKS,"42351, Lewisport, Kentucky",42351,Kentucky,Region 4,Community water system,2168,,McLean,4,67,71,-86.913178,37.92999,-86.913178,37.92999,-87.042178,-86.784178,37.80099,38.05899
KY0822462,ARCH CHEMICALS INC,"2450 Olin Rd, Brandenburg, Kentucky, 40108",40108,Kentucky,Region 4,Non-Transient non-community system,650,,Meade,7,72,16,-86.117944,38.00262,-86.117944,38.00262,-86.127944,-86.107944,37.99262,38.01262
KY0482399,KINGDOM COME STATE PARK,"40823, Cumberland, Kentucky",40823,Kentucky,Region 4,Transient non-community system,250,,Harlan,6,14,25,-82.99079,36.974259,-82.99079,36.974259,-83.19279,-82.78879,36.772259,37.176259
KY1112365,LBL CAMP ENERGY,"100 Van Morgan Dr, Cadiz, Kentucky, 42211",42211,Kentucky,Region 4,Transient non-community system,25,,Trigg,4,1,16,-88.05996,36.777054,-88.05996,36.777054,-88.06996,-88.04996,36.767054,36.787054
KY0540656,HANSON WATER SYSTEM,"42413, Hanson, Kentucky",42413,Kentucky,Region 4,Community water system,1337,,Hopkins,3,13,26,-87.480452,37.419971,-87.480452,37.419971,-87.596452,-87.364452,37.303971,37.535971
KY0210419,WEST CARROLL WATER DISTRICT- HENRY CO #2,"41008, Carrollton, Kentucky",41008,Kentucky,Region 4,Community water system,116,,Carroll,4,3,24,-85.176171,38.677211,-85.176171,38.677211,-85.285171,-85.067171,38.568211,38.786211
KY0540328,NORTONVILLE WATER WORKS,"199 S Main St, Nortonville, Kentucky, 42442",42442,Kentucky,Region 4,Community water system,2611,,Hopkins,11,53,35,-87.456351,37.182673,-87.456851,37.18306,-87.457351,-87.455351,37.181673,37.183673
KY0070729,BELL COUNTY FORESTRY CAMP,"Correctional Dr, Pineville, Kentucky, 40977",40977,Kentucky,Region 4,Community water system,275,,Bell,5,96,39,-83.84341,36.661473,-83.84341,36.661473,-83.85741,-83.82941,36.647473,36.675473
KY0672292,ARLIE BOGG ELEMENTARY SCHOOL,"224 Parks St, Whitesburg, Kentucky, 41858",41858,Kentucky,Region 4,Non-Transient non-community system,400,,Letcher,5,67,21,-82.835631,37.119925,-82.835631,37.119925,-82.845631,-82.825631,37.109925,37.129925
KY1150415,SPRINGFIELD WATER WORKS,"40069, Maud, Kentucky",40069,Kentucky,Region 4,Community water system,12076,,Washington,6,19,50,-85.216932,37.683741,-85.216932,37.683741,-85.401932,-85.031932,37.498741,37.868741
KY0930481,LAGRANGE UTILITIES COMMISSION,"412 E Jefferson St, La Grange, Kentucky, 40031",40031,Kentucky,Region 4,Community water system,9801,,Oldham,3,1,11,-85.373809,38.410064,-85.374141,38.41034,-85.374809,-85.372809,38.409064,38.411064
KY0630477,WOOD CREEK WATER DISTRICT,"40741, Tuttle, Kentucky",40741,Kentucky,Region 4,Community water system,14345,,Laurel,4,91,39,-84.082692,37.128043,-84.082692,37.128043,-84.331692,-83.833692,36.879043,37.377043
KY0920136,FORDSVILLE WATER DISTRICT,"42343, Fordsville, Kentucky",42343,Kentucky,Region 4,Community water system,1167,,Ohio,5,18,89,-86.714605,37.6362,-86.714605,37.6362,-86.821605,-86.607605,37.5292,37.7432
KY0710001,ADAIRVILLE WATER WORKS,"42202, Adairville, Kentucky",42202,Kentucky,Region 4,Community water system,1182,,Logan,5,5,61,-86.852994,36.668356,-86.852994,36.668356,-86.977994,-86.727994,36.543356,36.793356
KY0870246,LEVEE RD WATER ASSOCIATION INC,"40353, Mount Sterling, Kentucky",40353,Kentucky,Region 4,Community water system,2471,,Montgomery,3,36,33,-83.940882,38.057631,-83.940882,38.057631,-84.108882,-83.772882,37.889631,38.225631
KY0650024,BEATTYVILLE WATER WORKS,"41311, Primrose, Kentucky",41311,Kentucky,Region 4,Community water system,6783,,Lee,5,52,63,-83.709413,37.574832,-83.709413,37.574832,-83.924413,-83.494413,37.359832,37.789832
KY0183626,LAKEVIEW CABINS & MARINA,"165 Lakeview Cabins Dr, New Concord, Kentucky, 42076",42076,Kentucky,Region 4,Transient non-community system,50,,Calloway,4,2,1,-88.080351,36.502728,-88.080711,36.50226,-88.081351,-88.079351,36.501728,36.503728
KY0370346,PEAKS MILL WATER DISTRICT,"7165 US Highway 127 N, Frankfort, Kentucky, 40601",40601,Kentucky,Region 4,Community water system,3436,,Franklin,4,2,31,-84.848042,38.281107,-84.848042,38.281107,-84.858042,-84.838042,38.271107,38.291107
KY0240329,OAK GROVE UTILITIES OFFICE,"42262, Oak Grove, Kentucky",42262,Kentucky,Region 4,Community water system,8762,,Christian,5,33,51,-87.414582,36.660031,-87.414582,36.660031,-87.537582,-87.291582,36.537031,36.783031
KY0150300,MT WASHINGTON WATER COMPANY,"40047, Mount Washington, Kentucky",40047,Kentucky,Region 4,Community water system,23760,,Bullitt,3,7,19,-85.551836,38.048938,-85.551836,38.048938,-85.628836,-85.474836,37.971938,38.125938
KY0470393,HARDIN COUNTY WATER DISTRICT #1,"1400 Rogersville Rd, Vine Grove, Kentucky, 40160",40160,Kentucky,Region 4,Community water system,29700,,Hardin,13,56,48,-85.950805,37.809892,-85.949551,37.80935,-85.951805,-85.949805,37.808892,37.810892
KY0520122,EMINENCE WATER WORKS,"128 Eminence Ter, Eminence, Kentucky, 40019",40019,Kentucky,Region 4,Community water system,2554,,Henry,4,1,27,-85.18325,38.369748,-85.182881,38.36956,-85.18425,-85.18225,38.368748,38.370748
KY0830148,FRENCHBURG WATER COMPANY,"40322, Mariba, Kentucky",40322,Kentucky,Region 4,Community water system,8374,,Menifee,5,2,45,-83.615742,37.961281,-83.615742,37.961281,-83.776742,-83.454742,37.800281,38.122281
KY0202008,CARLISLE CO BOARD OF EDUCATION,"4557 KY-1377, Bardwell, Kentucky, 42023",42023,Kentucky,Region 4,Non-Transient non-community system,1050,,Carlisle,7,73,31,-88.931269,36.833855,-88.931269,36.833855,-88.941269,-88.921269,36.823855,36.843855
KY1130293,MORGANFIELD WATER WORKS,"42437, Morganfield, Kentucky",42437,Kentucky,Region 4,Community water system,5495,,Union,4,21,50,-87.911592,37.685231,-87.911592,37.685231,-88.128592,-87.694592,37.468231,37.902231
KY0110097,DANVILLE CITY WATER WORKS,"40423, Danville, Kentucky",40423,Kentucky,Region 4,Community water system,29459,,Boyle,4,53,75,-84.774972,37.645981,-84.774972,37.645981,-84.779972,-84.769972,37.640981,37.650981
KY0420172,HARDEMAN WATER DISTRICT,"42066, Mayfield, Kentucky",42066,Kentucky,Region 4,Community water system,1129,,Graves,8,60,37,-88.633194,36.738162,-88.633194,36.738162,-88.829194,-88.437194,36.542162,36.934162
KY0920181,HARTFORD MUNICIPAL WATER WORKS,"102 N Main St, Hartford, Kentucky, 42347",42347,Kentucky,Region 4,Community water system,3119,,Ohio,4,93,99,-86.911126,37.453229,-86.911126,37.453229,-86.921126,-86.901126,37.443229,37.463229
KY1113460,LBL OFF HWY VEHICLE AREA,"100 Van Morgan Dr, Cadiz, Kentucky, 42211",42211,Kentucky,Region 4,Transient non-community system,25,,Trigg,4,0,5,-88.05996,36.777054,-88.05996,36.777054,-88.06996,-88.04996,36.767054,36.787054
KY1120431,TRIMBLE CO WATER DISTRICT #1,"40006, Bedford, Kentucky",40006,Kentucky,Region 4,Community water system,4146,,Trimble,13,6,47,-85.315959,38.593458,-85.315959,38.593458,-85.439959,-85.191959,38.469458,38.717458
KY1060457,WEST SHELBY WATER DISTRICT,"40067, Simpsonville, Kentucky",40067,Kentucky,Region 4,Community water system,5622,,Shelby,4,6,14,-85.353642,38.219081,-85.353642,38.219081,-85.444642,-85.262642,38.128081,38.310081
KY1100944,TODD COUNTY WATER DISTRICT,"42220, Elkton, Kentucky",42220,Kentucky,Region 4,Community water system,9388,,Todd,8,28,38,-87.152944,36.805918,-87.152944,36.805918,-87.390944,-86.914944,36.567918,37.043918
KY0380149,FULTON MUNICIPAL WATER SYSTEM,"42041, Fulton, Kentucky",42041,Kentucky,Region 4,Community water system,3261,,Fulton,7,28,37,-88.876342,36.506911,-88.876342,36.506911,-89.113342,-88.639342,36.269911,36.743911
KY0720227,KUTTAWA WATER DEPARTMENT,"42055, Kuttawa, Kentucky",42055,Kentucky,Region 4,Community water system,853,,Lyon,4,31,89,-88.149035,37.021714,-88.149035,37.021714,-88.304035,-87.994035,36.866714,37.176714
KY0722980,EDDY CREEK MARINA RESORT LLC,"7612 State Route 93 S, Eddyville, Kentucky, 42038",42038,Kentucky,Region 4,Transient non-community system,330,,Lyon,4,11,18,-88.012452,37.003279,-88.012452,37.003279,-88.022452,-88.002452,36.993279,37.013279
KY0850115,EDMONTON WATER WORKS,"42129, Subtle, Kentucky",42129,Kentucky,Region 4,Community water system,8515,,Metcalfe,3,7,39,-85.611995,36.979527,-85.611995,36.979527,-85.768995,-85.454995,36.822527,37.136527
KY1170361,PROVIDENCE WATER WORKS,"625 Cedar St, Providence, Kentucky, 42450",42450,Kentucky,Region 4,Community water system,5010,,Webster,7,56,39,-87.7708,37.392922,-87.7708,37.392922,-87.7808,-87.7608,37.382922,37.402922
KY0020386,SCOTTSVILLE WATER DEPARTMENT,"800 Hurricane Shores Rd, Scottsville, Kentucky, 42164",42164,Kentucky,Region 4,Community water system,6980,,Allen,6,141,133,-86.083095,36.853253,-86.083095,36.853253,-86.093095,-86.073095,36.843253,36.863253
KY0450169,GREENUP WATER SYSTEM,"1005 Walnut St, Greenup, Kentucky, 41144",41144,Kentucky,Region 4,Community water system,12193,,Greenup,5,70,105,-82.83189,38.574172,-82.83189,38.574172,-82.83289,-82.83089,38.573172,38.575172
KY1000363,WESTERN PULASKI CO WATER DISTRICT,"2128 E Highway 80, Somerset, Kentucky, 42501",42501,Kentucky,Region 4,Community water system,23264,,Pulaski,3,10,21,-84.575566,37.10324,-84.575566,37.10324,-84.585566,-84.565566,37.09324,37.11324
KY0160052,BUTLER COUNTY WATER SYSTEM INC,"42102, Bowling Green, Kentucky",42102,Kentucky,Region 4,Community water system,12539,,Butler,5,73,54,-86.445162,36.99245,-86.445162,36.99245,-86.450162,-86.440162,36.98745,36.99745
KY0410472,WILLIAMSTOWN MUNICIPAL WATER DEPT,"400 N Main St, Williamstown, Kentucky, 41097",41097,Kentucky,Region 4,Community water system,5495,,Grant,4,28,75,-84.560037,38.640548,-84.558641,38.64053,-84.561037,-84.559037,38.639548,38.641548
KY0720933,LYON COUNTY WATER DISTRICT,"42055, Kuttawa, Kentucky",42055,Kentucky,Region 4,Community water system,7000,,Lyon,7,6,32,-88.149035,37.021714,-88.149035,37.021714,-88.304035,-87.994035,36.866714,37.176714
KY1112213,LBL WOODLAND NATURE CENTER,"100 Van Morgan Dr, Cadiz, Kentucky, 42211",42211,Kentucky,Region 4,Transient non-community system,25,,Trigg,4,1,18,-88.05996,36.777054,-88.05996,36.777054,-88.06996,-88.04996,36.767054,36.787054
KY0680153,GARRISON QUINCY HEIGHTS WATER DISTRICT,"41141, Garrison, Kentucky",41141,Kentucky,Region 4,Community water system,3178,,Lewis,10,16,48,-83.16877,38.606264,-83.16877,38.606264,-83.31977,-83.01777,38.455264,38.757264
KY0011016,COLUMBIA/ADAIR CO WT COMM WTP,"42728, Columbia, Kentucky",42728,Kentucky,Region 4,Community water system,25,,Adair,5,6,18,-85.304543,37.097705,-85.304543,37.097705,-85.554543,-85.054543,36.847705,37.347705
